column_name,rows_checked,null_rows,empty_rows,data_deleted_rows,other_rows,not_set_rows,null_pct,data_deleted_pct,other_pct,not_set_pct,unusable_pct
user_id,4295584,4295584,0,0,0,0,100.0,0.0,0.0,0.0,100.0
device_language,4295584,1829035,0,0,0,0,42.58,0.0,0.0,0.0,42.58
city,4295584,0,0,0,0,1795444,0.0,0.0,0.0,41.8,41.8
acq_source,4295584,0,0,308695,1131013,0,0.0,7.19,26.33,0.0,33.52
acq_campaign,4295584,0,0,306045,782379,0,0.0,7.12,18.21,0.0,25.34
acq_medium,4295584,0,0,313917,597482,0,0.0,7.31,13.91,0.0,21.22
region,4295584,0,0,0,0,403316,0.0,0.0,0.0,9.39,9.39
browser,4295584,0,0,0,114439,0,0.0,0.0,2.66,0.0,2.66
device_os,4295584,0,0,0,110323,0,0.0,0.0,2.57,0.0,2.57
country,4295584,0,0,0,0,32208,0.0,0.0,0.0,0.75,0.75
ga_session_id,4295584,0,0,0,0,0,0.0,0.0,0.0,0.0,0.0
page_location,4295584,0,0,0,0,0,0.0,0.0,0.0,0.0,0.0
device_category,4295584,0,0,0,0,0,0.0,0.0,0.0,0.0,0.0
ga_session_number,4295584,0,0,0,0,0,0.0,0.0,0.0,0.0,0.0
