event_name,events,pct_of_events,users
page_view,1350428,31.44,269792
user_engagement,1058721,24.65,213004
scroll,493072,11.48,138098
view_item,386068,8.99,61252
session_start,354970,8.26,267116
first_visit,257462,5.99,257314
view_promotion,190104,4.43,102443
add_to_cart,58543,1.36,12545
begin_checkout,38757,0.9,9715
select_item,31007,0.72,13180
view_search_results,26172,0.61,14449
add_shipping_info,19722,0.46,9714
add_payment_info,13899,0.32,5751
select_promotion,9450,0.22,8164
purchase,5692,0.13,4419
click,1446,0.03,1010
view_item_list,71,0.0,44
