event_date,view_item_events,add_to_cart_events,begin_checkout_events,add_payment_info_events,purchase_events,purchase_events_without_id,purchase_events_zero_revenue
2020-11-01,3380,4,127,73,14,14,0
2020-11-02,4935,0,219,138,49,49,0
2020-11-03,5790,0,233,168,49,49,0
2020-11-04,5063,0,218,125,46,46,0
2020-11-05,5255,0,195,95,26,26,0
2020-11-06,5370,0,269,189,58,58,0
2020-11-07,3953,0,150,89,31,31,0
2020-11-08,3166,0,132,75,32,32,0
2020-11-09,4429,0,211,145,52,52,0
2020-11-10,5222,0,266,207,64,64,1
2020-11-11,5322,0,248,193,64,36,1
2020-11-12,4925,0,355,216,54,1,0
2020-11-13,5281,0,605,242,79,0,0
2020-11-14,3509,0,320,100,30,0,0
2020-11-15,3212,0,324,95,21,0,0
2020-11-16,4836,85,542,235,69,0,0
2020-11-17,6077,535,693,290,98,0,0
2020-11-18,5338,621,354,216,68,1,1
2020-11-19,5154,187,335,142,84,5,5
2020-11-20,6082,15,318,143,118,12,12
2020-11-21,4214,0,174,80,68,2,2
2020-11-22,3737,0,166,79,60,2,2
2020-11-23,5070,0,277,164,141,3,3
2020-11-24,6624,0,366,264,147,2,2
2020-11-25,6700,297,387,284,108,5,5
2020-11-26,5114,1047,321,170,57,3,3
2020-11-27,5216,1229,300,213,97,4,4
2020-11-28,4438,1076,245,175,78,8,8
2020-11-29,4095,811,246,152,51,2,2
2020-11-30,7132,1767,950,368,141,5,5
2020-12-01,6976,1653,732,270,107,10,10
2020-12-02,6441,1464,768,253,82,4,4
2020-12-03,7075,1286,775,242,90,3,3
2020-12-04,7349,1561,733,249,96,3,3
2020-12-05,4952,1063,591,197,87,2,2
2020-12-06,4043,791,434,111,42,1,1
2020-12-07,6872,1127,716,264,110,4,4
2020-12-08,7896,1775,990,355,122,1,1
2020-12-09,7801,1787,1016,389,150,5,5
2020-12-10,8108,1739,983,376,143,6,6
2020-12-11,7926,2135,933,336,160,5,5
2020-12-12,5674,1381,647,234,106,5,5
2020-12-13,4516,940,423,153,74,6,6
2020-12-14,6684,1528,725,246,99,5,5
2020-12-15,7348,1943,825,345,139,6,6
2020-12-16,6432,1710,833,375,143,0,0
2020-12-17,6142,1648,745,276,126,1,1
2020-12-18,5374,1629,938,236,107,1,1
2020-12-19,3113,776,526,115,52,1,1
2020-12-20,2389,535,375,62,20,1,1
2020-12-21,3542,841,534,112,53,2,2
2020-12-22,4286,1103,546,126,60,3,3
2020-12-23,3750,1116,589,155,67,0,0
2020-12-24,2271,483,188,47,23,1,1
2020-12-25,1639,462,202,47,17,1,1
2020-12-26,1730,338,143,40,17,1,1
2020-12-27,1681,500,211,52,20,0,0
2020-12-28,2638,633,302,81,36,1,1
2020-12-29,2308,556,239,67,24,0,0
2020-12-30,1863,400,263,62,37,15,15
2020-12-31,1639,444,252,60,25,0,0
2021-01-01,1498,295,162,33,14,0,0
2021-01-02,1390,304,140,28,14,1,1
2021-01-03,1615,229,151,33,14,1,1
2021-01-04,1983,396,183,50,16,0,0
2021-01-05,2715,538,260,58,29,1,1
2021-01-06,3144,656,348,93,31,0,0
2021-01-07,2798,594,373,67,26,3,3
2021-01-08,2660,498,308,81,34,3,3
2021-01-09,2130,462,173,42,20,1,1
2021-01-10,1778,310,173,44,14,0,0
2021-01-11,2444,537,280,73,28,1,1
2021-01-12,3315,745,428,95,48,2,2
2021-01-13,2990,665,398,92,36,2,2
2021-01-14,3268,684,469,124,54,5,5
2021-01-15,2981,572,383,98,47,5,5
2021-01-16,1938,357,281,50,27,3,3
2021-01-17,1566,301,193,47,14,2,2
2021-01-18,1829,388,221,44,19,1,1
2021-01-19,3933,713,469,124,49,4,4
2021-01-20,5548,925,804,233,96,12,12
2021-01-21,4680,642,519,122,52,2,2
2021-01-22,4486,677,906,230,100,7,7
2021-01-23,2811,372,375,123,43,2,2
2021-01-24,2610,473,397,74,36,2,2
2021-01-25,3269,480,462,115,61,8,8
2021-01-26,3012,506,413,132,55,33,33
2021-01-27,3813,575,524,142,54,42,42
2021-01-28,3321,478,325,136,69,64,64
2021-01-29,3242,486,421,143,54,48,48
2021-01-30,2375,369,261,62,31,26,26
2021-01-31,1829,295,234,53,19,19,19
