date,sessions,product_view_sessions,add_to_cart_sessions,begin_checkout_sessions,cart_pct_of_product_view_sessions,in_cart_window
2020-11-01,2625,537,1,95,0.19,False
2020-11-02,3726,821,0,130,0.0,False
2020-11-03,5347,1010,0,144,0.0,False
2020-11-04,4325,879,0,118,0.0,False
2020-11-05,3840,878,0,127,0.0,False
2020-11-06,3319,852,0,154,0.0,False
2020-11-07,2271,589,0,111,0.0,False
2020-11-08,2163,498,0,100,0.0,False
2020-11-09,3271,789,0,135,0.0,False
2020-11-10,3824,951,0,173,0.0,False
2020-11-11,3809,943,0,163,0.0,False
2020-11-12,3693,947,0,169,0.0,False
2020-11-13,3338,854,0,186,0.0,False
2020-11-14,2360,585,0,106,0.0,False
2020-11-15,2213,497,0,110,0.0,False
2020-11-16,3532,875,35,165,4.0,False
2020-11-17,4063,1078,247,200,22.91,False
2020-11-18,4126,1028,207,159,20.14,False
2020-11-19,4189,1063,39,127,3.67,False
2020-11-20,4127,1094,3,161,0.27,False
2020-11-21,3190,814,0,125,0.0,False
2020-11-22,2687,670,0,109,0.0,False
2020-11-23,3960,952,0,172,0.0,False
2020-11-24,4422,1129,0,210,0.0,False
2020-11-25,4604,1189,80,225,6.73,False
2020-11-26,4177,896,287,191,32.03,True
2020-11-27,3977,874,328,194,37.53,True
2020-11-28,3387,755,281,159,37.22,True
2020-11-29,3253,708,267,127,37.71,True
2020-11-30,4583,1191,427,241,35.85,True
2020-12-01,4983,1263,461,231,36.5,True
2020-12-02,4801,1210,392,209,32.4,True
2020-12-03,5182,1344,403,228,29.99,True
2020-12-04,4714,1186,383,198,32.29,True
2020-12-05,3498,822,295,172,35.89,True
2020-12-06,3327,766,258,140,33.68,True
2020-12-07,5451,1216,371,204,30.51,True
2020-12-08,7562,1443,467,266,32.36,True
2020-12-09,6282,1269,424,258,33.41,True
2020-12-10,5993,1413,456,267,32.27,True
2020-12-11,5607,1281,429,260,33.49,True
2020-12-12,4135,880,313,192,35.57,True
2020-12-13,3699,719,256,135,35.61,True
2020-12-14,5098,1065,379,187,35.59,True
2020-12-15,5741,1244,407,193,32.72,True
2020-12-16,5528,1183,334,183,28.23,True
2020-12-17,5345,1250,342,157,27.36,True
2020-12-18,4824,1057,320,153,30.27,True
2020-12-19,3587,724,184,90,25.41,True
2020-12-20,3288,556,127,52,22.84,True
2020-12-21,4006,820,201,89,24.51,True
2020-12-22,3838,910,219,96,24.07,True
2020-12-23,3443,726,209,92,28.79,True
2020-12-24,2798,477,101,39,21.17,True
2020-12-25,2645,361,81,36,22.44,True
2020-12-26,2676,409,75,25,18.34,True
2020-12-27,2677,412,99,39,24.03,True
2020-12-28,3356,538,129,48,23.98,True
2020-12-29,3435,531,127,42,23.92,True
2020-12-30,3213,513,113,38,22.03,True
2020-12-31,2619,383,94,43,24.54,True
2021-01-01,2308,321,68,26,21.18,True
2021-01-02,2728,405,65,32,16.05,True
2021-01-03,2785,420,59,32,14.05,True
2021-01-04,3367,525,101,30,19.24,True
2021-01-05,4485,701,152,54,21.68,True
2021-01-06,5995,802,183,65,22.82,True
2021-01-07,4660,768,175,62,22.79,True
2021-01-08,4262,671,156,62,23.25,True
2021-01-09,3258,520,109,39,20.96,True
2021-01-10,3002,449,84,33,18.71,True
2021-01-11,3953,683,161,56,23.57,True
2021-01-12,4721,846,170,79,20.09,True
2021-01-13,4570,772,179,85,23.19,True
2021-01-14,4363,846,203,83,24.0,True
2021-01-15,3935,716,166,70,23.18,True
2021-01-16,3177,532,120,51,22.56,True
2021-01-17,2988,455,90,35,19.78,True
2021-01-18,3610,517,112,47,21.66,True
2021-01-19,4187,838,179,85,21.36,True
2021-01-20,4805,1193,243,143,20.37,True
2021-01-21,4687,1409,218,107,15.47,True
2021-01-22,4089,1147,214,155,18.66,True
2021-01-23,3132,739,128,78,17.32,True
2021-01-24,2968,641,114,69,17.78,True
2021-01-25,3906,944,148,84,15.68,True
2021-01-26,4089,963,143,87,14.85,True
2021-01-27,4599,1191,235,120,19.73,True
2021-01-28,4216,1031,189,89,18.33,True
2021-01-29,3791,884,161,93,18.21,True
2021-01-30,2900,605,109,51,18.02,True
2021-01-31,2841,569,103,56,18.1,True
