country,users,pct_of_users,sessions,purchasers,orders,conversion_rate_pct,revenue_usd,pct_of_revenue,revenue_per_user,aov
United States,118493,43.86,158155,1771,2133,1.49,149865.0,44.15,1.265,70.26
India,25367,9.39,33769,375,449,1.48,32730.0,9.64,1.29,72.9
Canada,20268,7.5,26824,328,408,1.62,31367.0,9.24,1.548,76.88
United Kingdom,8527,3.16,11327,129,159,1.51,10843.0,3.19,1.272,68.19
France,5381,1.99,7162,90,103,1.67,6161.0,1.81,1.145,59.82
Spain,5044,1.87,6667,79,112,1.57,7036.0,2.07,1.395,62.82
Germany,4866,1.8,6393,68,77,1.4,5097.0,1.5,1.047,66.19
China,4620,1.71,6258,62,86,1.34,5939.0,1.75,1.285,69.06
Taiwan,4568,1.69,6057,65,75,1.42,4137.0,1.22,0.906,55.16
Italy,3750,1.39,4998,46,55,1.23,4943.0,1.46,1.318,89.87
Singapore,3597,1.33,4741,46,58,1.28,3485.0,1.03,0.969,60.09
Japan,3547,1.31,4732,63,73,1.78,5445.0,1.6,1.535,74.59
South Korea,3424,1.27,4523,43,46,1.26,3334.0,0.98,0.974,72.48
Netherlands,3042,1.13,4073,50,58,1.64,3802.0,1.12,1.25,65.55
Turkey,2733,1.01,3646,52,60,1.9,4311.0,1.27,1.577,71.85
Brazil,2696,1.0,3596,47,54,1.74,3885.0,1.14,1.441,71.94
Australia,2453,0.91,3341,42,46,1.71,4144.0,1.22,1.689,90.09
Indonesia,2408,0.89,3244,23,28,0.96,2025.0,0.6,0.841,72.32
Poland,2368,0.88,3142,37,43,1.56,2943.0,0.87,1.243,68.44
Mexico,2264,0.84,3031,35,50,1.55,2812.0,0.83,1.242,56.24
(not set),2168,0.8,2882,28,34,1.29,1513.0,0.45,0.698,44.5
Russia,1758,0.65,2336,33,37,1.88,2302.0,0.68,1.309,62.22
Hong Kong,1652,0.61,2208,25,38,1.51,1784.0,0.53,1.08,46.95
Ireland,1584,0.59,2147,29,31,1.83,2417.0,0.71,1.526,77.97
Sweden,1490,0.55,1966,21,21,1.41,1256.0,0.37,0.843,59.81
Malaysia,1430,0.53,1872,25,30,1.75,2743.0,0.81,1.918,91.43
Switzerland,1428,0.53,1918,16,19,1.12,1030.0,0.3,0.721,54.21
Philippines,1333,0.49,1745,21,22,1.58,1430.0,0.42,1.073,65.0
Colombia,1285,0.48,1701,27,42,2.1,2130.0,0.63,1.658,50.71
Israel,1262,0.47,1683,16,19,1.27,1117.0,0.33,0.885,58.79
Pakistan,1206,0.45,1578,17,18,1.41,1209.0,0.36,1.002,67.17
Peru,1195,0.44,1676,17,24,1.42,1213.0,0.36,1.015,50.54
Thailand,1191,0.44,1586,21,26,1.76,2409.0,0.71,2.023,92.65
Portugal,1165,0.43,1555,18,19,1.55,1371.0,0.4,1.177,72.16
Vietnam,1128,0.42,1537,19,24,1.68,1460.0,0.43,1.294,60.83
Belgium,1116,0.41,1499,10,11,0.9,498.0,0.15,0.446,45.27
Ukraine,990,0.37,1323,10,11,1.01,1094.0,0.32,1.105,99.45
Greece,975,0.36,1337,17,29,1.74,1693.0,0.5,1.736,58.38
United Arab Emirates,844,0.31,1145,10,11,1.18,692.0,0.2,0.82,62.91
Denmark,748,0.28,1002,12,14,1.6,727.0,0.21,0.972,51.93
Romania,723,0.27,917,5,5,0.69,436.0,0.13,0.603,87.2
Argentina,710,0.26,899,8,10,1.13,550.0,0.16,0.775,55.0
Czechia,700,0.26,944,13,18,1.86,707.0,0.21,1.01,39.28
Austria,687,0.25,964,16,20,2.33,759.0,0.22,1.105,37.95
Saudi Arabia,575,0.21,771,8,8,1.39,618.0,0.18,1.075,77.25
Egypt,549,0.2,750,9,9,1.64,493.0,0.15,0.898,54.78
Bangladesh,540,0.2,729,8,9,1.48,352.0,0.1,0.652,39.11
Sri Lanka,475,0.18,618,6,7,1.26,400.0,0.12,0.842,57.14
Finland,468,0.17,582,9,10,1.92,1048.0,0.31,2.239,104.8
South Africa,467,0.17,616,2,2,0.43,77.0,0.02,0.165,38.5
Chile,466,0.17,654,8,10,1.72,499.0,0.15,1.071,49.9
Norway,416,0.15,558,1,1,0.24,61.0,0.02,0.147,61.0
Nigeria,384,0.14,512,7,7,1.82,627.0,0.18,1.633,89.57
Hungary,381,0.14,535,4,5,1.05,277.0,0.08,0.727,55.4
New Zealand,371,0.14,458,4,6,1.08,299.0,0.09,0.806,49.83
Morocco,370,0.14,526,5,6,1.35,517.0,0.15,1.397,86.17
Slovakia,362,0.13,454,3,6,0.83,399.0,0.12,1.102,66.5
Croatia,326,0.12,448,2,2,0.61,50.0,0.01,0.153,25.0
Bulgaria,311,0.12,399,5,5,1.61,259.0,0.08,0.833,51.8
Ecuador,245,0.09,308,4,4,1.63,252.0,0.07,1.029,63.0
Lithuania,245,0.09,345,2,3,0.82,83.0,0.02,0.339,27.67
Slovenia,224,0.08,283,5,9,2.23,464.0,0.14,2.071,51.56
Serbia,216,0.08,287,3,4,1.39,161.0,0.05,0.745,40.25
Puerto Rico,175,0.06,252,4,5,2.29,329.0,0.1,1.88,65.8
Iraq,172,0.06,241,3,3,1.74,385.0,0.11,2.238,128.33
Kenya,168,0.06,224,3,3,1.79,120.0,0.04,0.714,40.0
Algeria,164,0.06,220,2,2,1.22,84.0,0.02,0.512,42.0
Jordan,156,0.06,206,1,2,0.64,42.0,0.01,0.269,21.0
Kazakhstan,156,0.06,205,2,2,1.28,221.0,0.07,1.417,110.5
Kuwait,155,0.06,208,4,5,2.58,260.0,0.08,1.677,52.0
Dominican Republic,154,0.06,215,5,5,3.25,354.0,0.1,2.299,70.8
Tunisia,143,0.05,183,3,3,2.1,193.0,0.06,1.35,64.33
Costa Rica,140,0.05,167,4,4,2.86,255.0,0.08,1.821,63.75
Georgia,124,0.05,158,2,7,1.61,143.0,0.04,1.153,20.43
Latvia,123,0.05,153,2,2,1.63,58.0,0.02,0.472,29.0
Belarus,121,0.04,155,1,1,0.83,80.0,0.02,0.661,80.0
Azerbaijan,120,0.04,144,0,0,0.0,0.0,0.0,0.0,
North Macedonia,113,0.04,162,3,3,2.65,293.0,0.09,2.593,97.67
Nepal,113,0.04,150,0,0,0.0,0.0,0.0,0.0,
Palestine,112,0.04,147,2,2,1.79,164.0,0.05,1.464,82.0
Lebanon,111,0.04,139,2,2,1.8,198.0,0.06,1.784,99.0
Myanmar (Burma),107,0.04,130,0,0,0.0,0.0,0.0,0.0,
Cambodia,107,0.04,147,1,1,0.93,45.0,0.01,0.421,45.0
Uruguay,104,0.04,175,6,7,5.77,249.0,0.07,2.394,35.57
Estonia,103,0.04,119,0,0,0.0,0.0,0.0,0.0,
Qatar,101,0.04,147,1,1,0.99,30.0,0.01,0.297,30.0
Cyprus,95,0.04,123,2,2,2.11,104.0,0.03,1.095,52.0
Guatemala,93,0.03,139,3,3,3.23,152.0,0.04,1.634,50.67
Venezuela,92,0.03,144,1,1,1.09,11.0,0.0,0.12,11.0
Jamaica,89,0.03,111,0,0,0.0,0.0,0.0,0.0,
Iceland,83,0.03,104,0,0,0.0,0.0,0.0,0.0,
El Salvador,81,0.03,146,1,3,1.23,165.0,0.05,2.037,55.0
Albania,71,0.03,99,1,1,1.41,31.0,0.01,0.437,31.0
Bolivia,69,0.03,91,1,1,1.45,92.0,0.03,1.333,92.0
Oman,66,0.02,83,0,0,0.0,0.0,0.0,0.0,
Mongolia,66,0.02,100,2,2,3.03,134.0,0.04,2.03,67.0
Ghana,65,0.02,74,0,0,0.0,0.0,0.0,0.0,
Panama,62,0.02,97,1,1,1.61,44.0,0.01,0.71,44.0
Bosnia & Herzegovina,60,0.02,81,1,1,1.67,49.0,0.01,0.817,49.0
Armenia,60,0.02,88,1,1,1.67,85.0,0.03,1.417,85.0
Malta,57,0.02,70,2,4,3.51,910.0,0.27,15.965,227.5
Luxembourg,56,0.02,75,1,1,1.79,12.0,0.0,0.214,12.0
Macao,55,0.02,88,2,2,3.64,91.0,0.03,1.655,45.5
Trinidad & Tobago,55,0.02,71,0,0,0.0,0.0,0.0,0.0,
Bahamas,54,0.02,81,1,1,1.85,24.0,0.01,0.444,24.0
Kosovo,53,0.02,71,1,1,1.89,20.0,0.01,0.377,20.0
Bahrain,53,0.02,73,1,1,1.89,206.0,0.06,3.887,206.0
Honduras,51,0.02,69,1,1,1.96,14.0,0.0,0.275,14.0
Paraguay,51,0.02,72,1,1,1.96,30.0,0.01,0.588,30.0
