item_name,product_group,impressions,impression_users,cart_adds,cart_users,order_lines,buyers,units,revenue_usd,avg_unit_price,view_to_cart_pct,cart_to_purchase_pct,view_to_purchase_pct,revenue_per_view,meets_view_floor,quadrant,median_impressions,median_view_to_purchase_pct
Google Zip Hoodie F/C,Apparel,46156,13869,873,574,243,218,260,13152.0,50.58,1.891,27.84,0.526,0.2849,True,Strong products,5493.0,0.525
Google Crewneck Sweatshirt Navy,Apparel,30650,8754,655,421,209,186,217,9878.0,45.52,2.137,31.91,0.682,0.3223,True,Strong products,5493.0,0.525
Super G Unisex Joggers,Apparel,49249,14713,1245,831,272,220,294,9103.0,30.96,2.528,21.85,0.552,0.1848,True,Strong products,5493.0,0.525
Google Men's Tech Fleece Grey,Apparel,16743,4571,191,137,107,90,117,8668.0,74.09,1.141,56.02,0.639,0.5177,True,Strong products,5493.0,0.525
Google Badge Heavyweight Pullover Black,Apparel,31785,9080,566,362,162,148,179,8628.0,48.2,1.781,28.62,0.51,0.2714,True,"High traffic, low conversion",5493.0,0.525
Google Crewneck Sweatshirt Green,Apparel,26910,7731,490,332,160,149,166,7579.0,45.66,1.821,32.65,0.595,0.2816,True,Strong products,5493.0,0.525
Google Sherpa Zip Hoodie Charcoal,Apparel,30866,9415,238,177,100,92,110,6122.0,55.65,0.771,42.02,0.324,0.1983,True,"High traffic, low conversion",5493.0,0.525
Google Men's Puff Jacket Black,Apparel,11089,3773,65,52,59,55,60,5750.0,95.83,0.586,90.77,0.532,0.5185,True,Strong products,5493.0,0.525
Google Men's Tech Fleece Vest Charcoal,Apparel,4248,1707,46,40,74,59,81,5360.0,66.17,1.083,160.87,1.742,1.2618,True,Hidden winners,5493.0,0.525
Google Canteen Bottle Black,Drinkware and kitchen,6244,2421,94,76,137,114,259,5131.0,19.81,1.505,145.74,2.194,0.8217,True,Strong products,5493.0,0.525
Google Women's Puff Jacket Black,Apparel,13251,4009,84,65,54,45,55,5129.0,93.25,0.634,64.29,0.408,0.3871,True,"High traffic, low conversion",5493.0,0.525
Google Utility BackPack,Bags,11580,4943,85,74,50,38,51,5040.0,98.82,0.734,58.82,0.432,0.4352,True,"High traffic, low conversion",5493.0,0.525
Android Iconic Crewneck Sweatshirt,Apparel,19468,6402,129,89,104,86,109,4983.0,45.72,0.663,80.62,0.534,0.256,True,Strong products,5493.0,0.525
Google Sherpa Zip Hoodie Navy,Apparel,17523,5767,199,151,82,73,84,4732.0,56.33,1.136,41.21,0.468,0.27,True,"High traffic, low conversion",5493.0,0.525
Google Black Cloud Zip Hoodie,Apparel,11623,3989,144,109,63,45,80,4516.0,56.45,1.239,43.75,0.542,0.3885,True,Strong products,5493.0,0.525
Google Red Speckled Tee,Apparel,19288,6346,175,142,154,134,171,4278.0,25.02,0.907,88.0,0.798,0.2218,True,Strong products,5493.0,0.525
Google Campus Bike,Fun and gifts,3047,1986,75,61,103,95,123,4096.0,33.3,2.461,137.33,3.38,1.3443,True,Hidden winners,5493.0,0.525
Google Navy Speckled Tee,Apparel,54377,13696,636,456,143,129,163,4068.0,24.96,1.17,22.48,0.263,0.0748,True,"High traffic, low conversion",5493.0,0.525
Google Crewneck Sweatshirt Grey,Apparel,9242,2839,231,152,84,76,89,4048.0,45.48,2.499,36.36,0.909,0.438,True,Strong products,5493.0,0.525
Google F/C Long Sleeve Tee Charcoal,Apparel,32552,9640,553,365,135,117,149,3762.0,25.25,1.699,24.41,0.415,0.1156,True,"High traffic, low conversion",5493.0,0.525
Google Incognito Techpack V2,Bags,1179,697,21,13,38,26,49,3703.0,75.57,1.781,180.95,3.223,3.1408,True,Hidden winners,5493.0,0.525
Google F/C Long Sleeve Tee Ash,Apparel,27000,8184,416,289,135,121,142,3534.0,24.89,1.541,32.45,0.5,0.1309,True,"High traffic, low conversion",5493.0,0.525
Google Cotopaxi Shell,Apparel,5493,2656,63,44,85,71,88,3394.0,38.57,1.147,134.92,1.547,0.6179,True,Strong products,5493.0,0.525
Google NYC Campus Zip Hoodie,Apparel,1700,779,52,41,76,66,97,3224.0,33.24,3.059,146.15,4.471,1.8965,True,Hidden winners,5493.0,0.525
Google Perk Thermal Tumbler,Drinkware and kitchen,7125,2841,97,83,110,101,191,3208.0,16.8,1.361,113.4,1.544,0.4502,True,Strong products,5493.0,0.525
Google Dino Game Tee,Apparel,11079,4742,90,72,89,82,95,3176.0,33.43,0.812,98.89,0.803,0.2867,True,Strong products,5493.0,0.525
Google Heathered Pom Beanie,Headwear,18571,8661,281,238,185,169,248,3060.0,12.34,1.513,65.84,0.996,0.1648,True,Strong products,5493.0,0.525
Google Eco Tee Black,Apparel,19683,7683,1210,748,147,126,159,3019.0,18.99,6.147,12.15,0.747,0.1534,True,Strong products,5493.0,0.525
Google Women's Grid Zip-Up,Apparel,12555,3753,121,85,54,49,56,2932.0,52.36,0.964,44.63,0.43,0.2335,True,"High traffic, low conversion",5493.0,0.525
Google Camp Mug Ivory,Drinkware and kitchen,7324,2904,291,221,201,178,273,2907.0,10.65,3.973,69.07,2.744,0.3969,True,Strong products,5493.0,0.525
Google Men's Softshell Moss,Apparel,3421,1377,15,14,31,29,31,2589.0,83.52,0.438,206.67,0.906,0.7568,True,Hidden winners,5493.0,0.525
Google Raincoat Navy,Apparel,1937,944,13,11,24,24,24,2424.0,101.0,0.671,184.62,1.239,1.2514,True,Hidden winners,5493.0,0.525
Google Speckled Beanie Navy,Headwear,19296,9314,204,165,92,89,140,2388.0,17.06,1.057,45.1,0.477,0.1238,True,"High traffic, low conversion",5493.0,0.525
Google Land & Sea Cotton Cap,Headwear,25374,10796,328,251,120,104,162,2346.0,14.48,1.293,36.59,0.473,0.0925,True,"High traffic, low conversion",5493.0,0.525
Google Crew Socks,Apparel,10753,4587,256,208,143,129,175,2340.0,13.37,2.381,55.86,1.33,0.2176,True,Strong products,5493.0,0.525
Google Toddler FC Zip Hoodie,Apparel,4618,1973,127,100,77,73,80,2268.0,28.35,2.75,60.63,1.667,0.4911,True,Hidden winners,5493.0,0.525
Google Glass Bottle,Drinkware and kitchen,15167,5211,199,178,106,84,118,2226.0,18.86,1.312,53.27,0.699,0.1468,True,Strong products,5493.0,0.525
Google Woodtop Bottle Black,Drinkware and kitchen,11927,4168,164,126,66,56,88,2154.0,24.48,1.375,40.24,0.553,0.1806,True,Strong products,5493.0,0.525
Google Flat Front Bag Grey,Bags,12177,4971,163,137,83,59,87,2148.0,24.69,1.339,50.92,0.682,0.1764,True,Strong products,5493.0,0.525
Google Thermal Tumbler Navy,Drinkware and kitchen,7563,2975,95,78,82,74,139,2123.0,15.27,1.256,86.32,1.084,0.2807,True,Strong products,5493.0,0.525
Google Women's Microfleece Jacket Black,Apparel,14690,4699,161,110,33,33,33,2070.0,62.73,1.096,20.5,0.225,0.1409,True,"High traffic, low conversion",5493.0,0.525
Google Leather Strap Hat Blue,Headwear,16389,7825,387,305,120,117,136,1971.0,14.49,2.361,31.01,0.732,0.1203,True,Strong products,5493.0,0.525
Noogler Android Figure,Fun and gifts,15735,5633,194,169,98,97,136,1861.0,13.68,1.233,50.52,0.623,0.1183,True,Strong products,5493.0,0.525
Google Sherpa Vest Black,Apparel,1359,564,13,8,28,27,28,1844.0,65.86,0.957,215.38,2.06,1.3569,True,Hidden winners,5493.0,0.525
Google Crew Combed Cotton Sock,Apparel,4153,2131,101,91,92,82,128,1823.0,14.24,2.432,91.09,2.215,0.439,True,Hidden winners,5493.0,0.525
Google Metallic Notebook Set,Stationery and office,7254,2992,282,234,127,117,344,1754.0,5.1,3.888,45.04,1.751,0.2418,True,Strong products,5493.0,0.525
YouTube Icon Tee Charcoal,Apparel,26293,10700,293,196,85,83,89,1743.0,19.58,1.114,29.01,0.323,0.0663,True,"High traffic, low conversion",5493.0,0.525
Google KeepCup,Drinkware and kitchen,2505,1308,38,32,47,42,60,1708.0,28.47,1.517,123.68,1.876,0.6818,True,Hidden winners,5493.0,0.525
Google Chrome Dinosaur Collectible,Fun and gifts,846,621,19,18,53,53,65,1632.0,25.11,2.246,278.95,6.265,1.9291,False,,5493.0,0.525
Google Large Standard Journal Grey,Stationery and office,7215,2963,121,109,75,66,120,1618.0,13.48,1.677,61.98,1.04,0.2243,True,Strong products,5493.0,0.525
Google Speckled Beanie Grey,Headwear,11798,6391,133,121,66,64,96,1576.0,16.42,1.127,49.62,0.559,0.1336,True,Strong products,5493.0,0.525
Google Heather Green Speckled Tee,Apparel,32309,9052,195,144,68,65,68,1543.0,22.69,0.604,34.87,0.21,0.0478,True,"High traffic, low conversion",5493.0,0.525
Google Incognito Zip Pack,Apparel,2668,1419,23,20,25,25,25,1540.0,61.6,0.862,108.7,0.937,0.5772,True,Hidden winners,5493.0,0.525
Google Seaport Tote,Bags,819,462,20,18,26,24,30,1464.0,48.8,2.442,130.0,3.175,1.7875,False,,5493.0,0.525
Google Soft Modal Scarf,Apparel,936,495,7,7,34,33,37,1422.0,38.43,0.748,485.71,3.632,1.5192,False,,5493.0,0.525
Google Packable Bag Black,Bags,1870,978,113,101,50,50,86,1416.0,16.47,6.043,44.25,2.674,0.7572,True,Hidden winners,5493.0,0.525
Android Pocket Tee Navy,Apparel,2070,1049,74,58,55,53,57,1414.0,24.81,3.575,74.32,2.657,0.6831,True,Hidden winners,5493.0,0.525
Google Women's Striped L/S,Other,41413,9541,202,138,82,79,86,1413.0,16.43,0.488,40.59,0.198,0.0341,True,"High traffic, low conversion",5493.0,0.525
Google Camp Mug Gray,Drinkware and kitchen,6201,2183,125,110,102,84,128,1340.0,10.47,2.016,81.6,1.645,0.2161,True,Strong products,5493.0,0.525
Google Land & Sea French Terry Sweatshirt,Apparel,29801,10201,407,182,29,28,29,1331.0,45.9,1.366,7.13,0.097,0.0447,True,"High traffic, low conversion",5493.0,0.525
Google Land & Sea Nalgene Water Bottle,Drinkware and kitchen,17318,6782,131,107,57,52,64,1325.0,20.7,0.756,43.51,0.329,0.0765,True,"High traffic, low conversion",5493.0,0.525
Google Large Tote White,Bags,14393,5578,141,119,75,74,124,1321.0,10.65,0.98,53.19,0.521,0.0918,True,"High traffic, low conversion",5493.0,0.525
YouTube Icon Tee Grey,Apparel,32865,12696,142,110,63,58,66,1294.0,19.61,0.432,44.37,0.192,0.0394,True,"High traffic, low conversion",5493.0,0.525
Google Clear Pen 4-Pack,Stationery and office,6746,2702,370,285,144,138,406,1253.0,3.09,5.485,38.92,2.135,0.1857,True,Strong products,5493.0,0.525
Google Crew Striped Athletic Sock,Apparel,2674,1419,92,76,57,55,88,1251.0,14.22,3.441,61.96,2.132,0.4678,True,Hidden winners,5493.0,0.525
Google Hemp Tote,Bags,3658,1840,44,40,49,49,96,1248.0,13.0,1.203,111.36,1.34,0.3412,True,Hidden winners,5493.0,0.525
YouTube Twill Sandwich Cap Black,Headwear,18032,9519,2416,1824,89,87,108,1234.0,11.43,13.398,3.68,0.494,0.0684,True,"High traffic, low conversion",5493.0,0.525
Google Blue Stojo Cup,Drinkware and kitchen,18324,7304,113,96,42,37,58,1220.0,21.03,0.617,37.17,0.229,0.0666,True,"High traffic, low conversion",5493.0,0.525
Gift Card- $100.00,Gift cards,18,13,21,2,12,1,12,1200.0,100.0,116.667,57.14,66.667,66.6667,False,,5493.0,0.525
Google Women's Tech Fleece Vest Charcoal,Apparel,2106,928,67,43,25,22,26,1188.0,45.69,3.181,37.31,1.187,0.5641,True,Hidden winners,5493.0,0.525
Google SF Campus Zip Hoodie,Apparel,1028,538,37,25,33,30,35,1176.0,33.6,3.599,89.19,3.21,1.144,True,Hidden winners,5493.0,0.525
Google Women's Tech Fleece Grey,Apparel,1380,569,30,19,16,15,16,1172.0,73.25,2.174,53.33,1.159,0.8493,True,Hidden winners,5493.0,0.525
Google Cork Base Tumbler,Drinkware and kitchen,13986,4904,120,103,39,34,52,1170.0,22.5,0.858,32.5,0.279,0.0837,True,"High traffic, low conversion",5493.0,0.525
Google Super G Tumbler (Red Lid),Drinkware and kitchen,6032,2838,39,38,43,39,51,1151.0,22.57,0.647,110.26,0.713,0.1908,True,Strong products,5493.0,0.525
Gift Card - $25.00,Gift cards,67,35,21,7,42,6,45,1125.0,25.0,31.343,200.0,62.687,16.791,False,,5493.0,0.525
Google Black Cork Journal,Stationery and office,7012,2907,132,114,85,72,109,1101.0,10.1,1.882,64.39,1.212,0.157,True,Strong products,5493.0,0.525
Google Toddler FC Tee Charcoal,Apparel,8380,3229,140,95,48,38,53,1080.0,20.38,1.671,34.29,0.573,0.1289,True,Strong products,5493.0,0.525
Google Knit Blanket,Fun and gifts,2347,1143,55,53,14,14,15,1069.0,71.27,2.343,25.45,0.597,0.4555,True,Hidden winners,5493.0,0.525
Google Laptop and Cell Phone Stickers,Tech and accessories,6985,3136,353,295,141,136,402,1063.0,2.64,5.054,39.94,2.019,0.1522,True,Strong products,5493.0,0.525
Google Campus Bike Eco Tee Navy,Apparel,41849,11339,472,283,42,41,50,1040.0,20.8,1.128,8.9,0.1,0.0249,True,"High traffic, low conversion",5493.0,0.525
Google PNW Campus Zip Hoodie,Apparel,437,253,16,15,29,27,31,1020.0,32.9,3.661,181.25,6.636,2.3341,False,,5493.0,0.525
Google Infant Charcoal Onesie,Apparel,3643,1446,353,171,46,45,48,1000.0,20.83,9.69,13.03,1.263,0.2745,True,Hidden winners,5493.0,0.525
#IamRemarkable Unisex Hoodie,Apparel,5063,2451,76,60,31,28,37,995.0,26.89,1.501,40.79,0.612,0.1965,True,Hidden winners,5493.0,0.525
YouTube Leather Strap Hat Black,Headwear,20550,10543,256,198,71,67,95,990.0,10.42,1.246,27.73,0.345,0.0482,True,"High traffic, low conversion",5493.0,0.525
Google Sunnyvale Campus Zip Hoodie,Apparel,1305,651,34,23,30,27,30,969.0,32.3,2.605,88.24,2.299,0.7425,True,Hidden winners,5493.0,0.525
Android Pocket Onesie Navy,Apparel,7216,2601,191,102,47,47,51,959.0,18.8,2.647,24.61,0.651,0.1329,True,Strong products,5493.0,0.525
Google Sunglasses,Tech and accessories,4971,1990,91,60,139,67,308,959.0,3.11,1.831,152.75,2.796,0.1929,True,Hidden winners,5493.0,0.525
Google Utensil Set,Drinkware and kitchen,843,500,33,28,36,35,72,939.0,13.04,3.915,109.09,4.27,1.1139,False,,5493.0,0.525
Google 24oz Ring Bottle Blue,Drinkware and kitchen,5238,2016,32,29,43,43,162,932.0,5.75,0.611,134.38,0.821,0.1779,True,Hidden winners,5493.0,0.525
Google Incognito Dopp Kit V2,Bags,1232,738,7,6,16,15,24,927.0,38.63,0.568,228.57,1.299,0.7524,True,Hidden winners,5493.0,0.525
Google Youth Hero Tee Grey,Apparel,5378,1982,46,36,41,33,46,925.0,20.11,0.855,89.13,0.762,0.172,True,Hidden winners,5493.0,0.525
Google Land & Sea Mug,Drinkware and kitchen,16575,6692,202,157,53,36,63,906.0,14.38,1.219,26.24,0.32,0.0547,True,"High traffic, low conversion",5493.0,0.525
Google NYC Campus Mug,Drinkware and kitchen,5356,2207,146,123,90,89,130,905.0,6.96,2.726,61.64,1.68,0.169,True,Hidden winners,5493.0,0.525
Google Campus Bike Mini Backpack,Bags,1414,820,11,10,18,18,27,904.0,33.48,0.778,163.64,1.273,0.6393,True,Hidden winners,5493.0,0.525
Google Campus Bike Corkbase Mug Blue,Drinkware and kitchen,1737,985,67,52,49,49,62,902.0,14.55,3.857,73.13,2.821,0.5193,True,Hidden winners,5493.0,0.525
Google Bear Baby Blanket Beige,Fun and gifts,6170,2094,40,27,33,31,47,894.0,19.02,0.648,82.5,0.535,0.1449,True,Strong products,5493.0,0.525
YouTube Standards Zip Hoodie Black,Apparel,11050,5391,206,124,16,15,17,888.0,52.24,1.864,7.77,0.145,0.0804,True,"High traffic, low conversion",5493.0,0.525
Google Campus Bike Bottle,Drinkware and kitchen,14509,5020,69,64,35,33,39,876.0,22.46,0.476,50.72,0.241,0.0604,True,"High traffic, low conversion",5493.0,0.525
YouTube Crew Socks,Apparel,9930,4958,173,123,44,41,64,869.0,13.58,1.742,25.43,0.443,0.0875,True,"High traffic, low conversion",5493.0,0.525
Google Women's Softshell Moss,Apparel,1220,456,5,5,11,11,11,869.0,79.0,0.41,220.0,0.902,0.7123,True,Hidden winners,5493.0,0.525
Google Land & Sea Journal Set,Stationery and office,21302,8106,142,107,57,44,69,867.0,12.57,0.667,40.14,0.268,0.0407,True,"High traffic, low conversion",5493.0,0.525
Google Split Seam Tee Olive,Apparel,7370,2725,74,68,38,31,40,860.0,21.5,1.004,51.35,0.516,0.1167,True,"High traffic, low conversion",5493.0,0.525
YouTube Play Mug,Drinkware and kitchen,9894,4861,155,114,57,49,79,859.0,10.87,1.567,36.77,0.576,0.0868,True,Strong products,5493.0,0.525
Google Utility Bag Grey,Bags,22842,7812,83,73,60,60,131,846.0,6.46,0.363,72.29,0.263,0.037,True,"High traffic, low conversion",5493.0,0.525
Google Shoreline Water Bottle,Drinkware and kitchen,6543,2552,79,71,30,30,39,842.0,21.59,1.207,37.97,0.459,0.1287,True,"High traffic, low conversion",5493.0,0.525
Google Austin Campus Mug,Drinkware and kitchen,576,336,68,58,76,73,116,833.0,7.18,11.806,111.76,13.194,1.4462,False,,5493.0,0.525
Google Incognito Laptop Organizer,Tech and accessories,750,445,2,2,17,15,17,831.0,48.88,0.267,850.0,2.267,1.108,False,,5493.0,0.525
Google Youth FC Tee Charcoal,Apparel,7762,2937,115,79,35,29,40,830.0,20.75,1.482,30.43,0.451,0.1069,True,"High traffic, low conversion",5493.0,0.525
Google Small Standard Journal Navy,Stationery and office,32657,8208,377,265,55,47,136,806.0,5.93,1.154,14.59,0.168,0.0247,True,"High traffic, low conversion",5493.0,0.525
Google Pocket Tee Grey,Apparel,9885,3107,216,114,46,45,47,804.0,17.11,2.185,21.3,0.465,0.0813,True,"High traffic, low conversion",5493.0,0.525
Google Magnet,Tech and accessories,1420,647,51,48,100,95,124,795.0,6.41,3.592,196.08,7.042,0.5599,True,Hidden winners,5493.0,0.525
Google Summer19 Crew Grey,Apparel,0,0,0,0,22,21,22,794.0,36.09,,,,,False,,5493.0,0.525
Google Mountain View Campus Zip Hoodie,Apparel,1375,722,47,33,24,19,24,786.0,32.75,3.418,51.06,1.745,0.5716,True,Hidden winners,5493.0,0.525
Google Seattle Campus Mug,Drinkware and kitchen,459,285,60,52,63,62,112,785.0,7.01,13.072,105.0,13.725,1.7102,False,,5493.0,0.525
Google Campus Bike Grid Task Pad,Stationery and office,4187,1702,22,21,22,22,73,758.0,10.38,0.525,100.0,0.525,0.181,True,Hidden winners,5493.0,0.525
Google Cup Cap Tumbler Grey,Drinkware and kitchen,12409,4349,87,67,25,22,30,756.0,25.2,0.701,28.74,0.201,0.0609,True,"High traffic, low conversion",5493.0,0.525
Google Incognito Messenger Bag,Bags,10276,4296,15,14,12,12,12,750.0,62.5,0.146,80.0,0.117,0.073,True,"High traffic, low conversion",5493.0,0.525
#IamRemarkable Unisex T-Shirt,Apparel,7521,2942,78,66,57,47,74,746.0,10.08,1.037,73.08,0.758,0.0992,True,Strong products,5493.0,0.525
Google Beekeepers Tee Mint,Apparel,15940,5207,49,41,50,45,51,738.0,14.47,0.307,102.04,0.314,0.0463,True,"High traffic, low conversion",5493.0,0.525
Google Land & Sea Tote Bag,Bags,12224,5116,35,33,36,35,43,716.0,16.65,0.286,102.86,0.295,0.0586,True,"High traffic, low conversion",5493.0,0.525
Google Austin Campus Zip Hoodie,Apparel,1245,514,17,16,22,20,22,704.0,32.0,1.365,129.41,1.767,0.5655,True,Hidden winners,5493.0,0.525
Daddy Works at Google Book,Stationery and office,677,487,12,11,42,41,43,704.0,16.37,1.773,350.0,6.204,1.0399,False,,5493.0,0.525
Google ApPeel Journal Red,Stationery and office,3374,1487,36,31,22,22,45,697.0,15.49,1.067,61.11,0.652,0.2066,True,Hidden winners,5493.0,0.525
Google Mural Socks,Apparel,2001,1082,79,57,49,38,57,693.0,12.16,3.948,62.03,2.449,0.3463,True,Hidden winners,5493.0,0.525
Google Youth FC Longsleeve Charcoal,Apparel,7458,2834,54,43,26,23,27,684.0,25.33,0.724,48.15,0.349,0.0917,True,"High traffic, low conversion",5493.0,0.525
Google LA Campus Zip Hoodie,Apparel,835,415,22,18,19,19,20,677.0,33.85,2.635,86.36,2.275,0.8108,False,,5493.0,0.525
Google Mural Mug,Drinkware and kitchen,1367,763,81,62,42,41,47,675.0,14.36,5.925,51.85,3.072,0.4938,True,Hidden winners,5493.0,0.525
Google Chicago Campus Zip Hoodie,Apparel,1184,507,21,13,19,16,20,668.0,33.4,1.774,90.48,1.605,0.5642,True,Hidden winners,5493.0,0.525
Google Campus Bike Tote Navy,Bags,12601,5038,94,83,54,51,72,655.0,9.1,0.746,57.45,0.429,0.052,True,"High traffic, low conversion",5493.0,0.525
Google Leather Strap Hat Black,Headwear,12664,6544,349,253,38,34,45,653.0,14.51,2.756,10.89,0.3,0.0516,True,"High traffic, low conversion",5493.0,0.525
Stan and Friends Tee Green,Apparel,15514,4962,63,51,43,38,44,644.0,14.64,0.406,68.25,0.277,0.0415,True,"High traffic, low conversion",5493.0,0.525
Google Mural Sticky Note Pad,Stationery and office,2397,1087,46,37,45,45,56,642.0,11.46,1.919,97.83,1.877,0.2678,True,Hidden winners,5493.0,0.525
Google Keychain,Tech and accessories,340,259,51,42,68,68,97,639.0,6.59,15.0,133.33,20.0,1.8794,False,,5493.0,0.525
Google LA Campus Unisex Tee,Apparel,364,216,38,30,39,34,44,636.0,14.45,10.44,102.63,10.714,1.7473,False,,5493.0,0.525
Google Cambridge Campus Zip Hoodie,Apparel,6093,2424,35,26,19,16,19,635.0,33.42,0.574,54.29,0.312,0.1042,True,"High traffic, low conversion",5493.0,0.525
Google Mural Bottle,Drinkware and kitchen,12505,4381,160,112,27,25,32,624.0,19.5,1.279,16.88,0.216,0.0499,True,"High traffic, low conversion",5493.0,0.525
#IamRemarkable Journal,Stationery and office,4074,1757,50,46,37,35,86,615.0,7.15,1.227,74.0,0.908,0.151,True,Hidden winners,5493.0,0.525
Android Techie 3D Framed Art,Fun and gifts,30807,7661,43,39,35,35,36,604.0,16.78,0.14,81.4,0.114,0.0196,True,"High traffic, low conversion",5493.0,0.525
YouTube Transmission Journal Red,Stationery and office,11054,5228,94,71,20,18,44,604.0,13.73,0.85,21.28,0.181,0.0546,True,"High traffic, low conversion",5493.0,0.525
Google 16 oz Tumbler Blue,Drinkware and kitchen,1596,700,21,19,21,17,54,595.0,11.02,1.316,100.0,1.316,0.3728,True,Hidden winners,5493.0,0.525
Google Infant Hero Tee Olive,Apparel,6313,2200,86,55,39,38,41,590.0,14.39,1.362,45.35,0.618,0.0935,True,Strong products,5493.0,0.525
Android Pocket Tee Green,Apparel,416,270,15,14,22,22,24,588.0,24.5,3.606,146.67,5.288,1.4135,False,,5493.0,0.525
Google Tudes Recycled Tee,Apparel,10539,4256,93,79,21,21,23,576.0,25.04,0.882,22.58,0.199,0.0547,True,"High traffic, low conversion",5493.0,0.525
Google Boulder Campus Zip Hoodie,Apparel,979,423,15,13,18,17,18,576.0,32.0,1.532,120.0,1.839,0.5884,False,,5493.0,0.525
Google PNW Campus Mug,Drinkware and kitchen,437,247,45,37,57,57,81,576.0,7.11,10.297,126.67,13.043,1.3181,False,,5493.0,0.525
Google See-No Hear-No Set,Fun and gifts,9456,3584,72,64,48,41,56,567.0,10.13,0.761,66.67,0.508,0.06,True,"High traffic, low conversion",5493.0,0.525
Android Pocket Toddler Tee Navy,Apparel,4470,1571,51,36,29,27,30,556.0,18.53,1.141,56.86,0.649,0.1244,True,Hidden winners,5493.0,0.525
Google Felt Refillable Journal,Stationery and office,1037,640,19,17,27,26,33,546.0,16.55,1.832,142.11,2.604,0.5265,True,Hidden winners,5493.0,0.525
Google Premium Sunglasses,Tech and accessories,2306,1130,40,35,31,30,46,544.0,11.83,1.735,77.5,1.344,0.2359,True,Hidden winners,5493.0,0.525
#IamRemarkable Water Bottle,Drinkware and kitchen,13027,4489,41,37,30,22,44,543.0,12.34,0.315,73.17,0.23,0.0417,True,"High traffic, low conversion",5493.0,0.525
Android Iconic Mug Gray,Drinkware and kitchen,12057,4295,131,108,30,30,37,542.0,14.65,1.087,22.9,0.249,0.045,True,"High traffic, low conversion",5493.0,0.525
Essential Canvas Tote,Bags,961,610,30,22,16,16,21,541.0,25.76,3.122,53.33,1.665,0.563,False,,5493.0,0.525
Google Youth Hero Tee Maroon,Apparel,4383,1654,18,16,25,22,27,538.0,19.93,0.411,138.89,0.57,0.1227,True,Hidden winners,5493.0,0.525
Android Iconic Notebook,Stationery and office,1096,508,11,10,8,8,39,538.0,13.79,1.004,72.73,0.73,0.4909,True,Hidden winners,5493.0,0.525
Android Garden Tee Orange,Apparel,19890,6285,51,42,29,27,32,537.0,16.78,0.256,56.86,0.146,0.027,True,"High traffic, low conversion",5493.0,0.525
Google Toddler Tee White,Apparel,5983,2163,64,52,27,26,27,533.0,19.74,1.07,42.19,0.451,0.0891,True,"High traffic, low conversion",5493.0,0.525
Google Emoji Sticker Pack,Stationery and office,5597,2677,101,92,52,51,119,522.0,4.39,1.805,51.49,0.929,0.0933,True,Strong products,5493.0,0.525
Google Chicago Campus Mug,Drinkware and kitchen,468,273,48,39,58,55,74,522.0,7.05,10.256,120.83,12.393,1.1154,False,,5493.0,0.525
Google Youth Badge Tee Olive,Apparel,4757,1574,56,48,30,30,38,519.0,13.66,1.177,53.57,0.631,0.1091,True,Hidden winners,5493.0,0.525
Android Buoy Bottle,Drinkware and kitchen,4949,2282,144,121,53,52,114,513.0,4.5,2.91,36.81,1.071,0.1037,True,Hidden winners,5493.0,0.525
Android Iconic Glass Bottle Green,Drinkware and kitchen,13261,4680,26,24,16,16,37,503.0,13.59,0.196,61.54,0.121,0.0379,True,"High traffic, low conversion",5493.0,0.525
Mural Food Container,Drinkware and kitchen,9697,4244,57,41,14,13,15,503.0,33.53,0.588,24.56,0.144,0.0519,True,"High traffic, low conversion",5493.0,0.525
Google Super G Tumbler (Blue Lid),Drinkware and kitchen,5906,2755,42,37,22,19,22,502.0,22.82,0.711,52.38,0.373,0.085,True,"High traffic, low conversion",5493.0,0.525
Google SF Campus Bottle,Drinkware and kitchen,470,291,33,30,34,31,43,496.0,11.53,7.021,103.03,7.234,1.0553,False,,5493.0,0.525
Google Bot,Fun and gifts,327,225,21,20,37,37,60,492.0,8.2,6.422,176.19,11.315,1.5046,False,,5493.0,0.525
Google Pen White,Stationery and office,7120,2823,211,188,102,102,315,479.0,1.52,2.963,48.34,1.433,0.0673,True,Strong products,5493.0,0.525
Google Mesh Bag Red,Bags,11071,4478,23,19,13,13,97,473.0,4.88,0.208,56.52,0.117,0.0427,True,"High traffic, low conversion",5493.0,0.525
Google PNW Campus Bottle,Drinkware and kitchen,267,149,15,14,9,9,42,469.0,11.17,5.618,60.0,3.371,1.7566,False,,5493.0,0.525
Android Super Hero 3D Framed Art,Apparel,32102,8050,36,32,29,27,29,468.0,16.14,0.112,80.56,0.09,0.0146,True,"High traffic, low conversion",5493.0,0.525
Google Sunnyvale Campus Mug,Drinkware and kitchen,930,494,83,68,53,53,66,464.0,7.03,8.925,63.86,5.699,0.4989,False,,5493.0,0.525
Google LA Campus Mug,Drinkware and kitchen,453,294,50,45,56,52,63,456.0,7.24,11.038,112.0,12.362,1.0066,False,,5493.0,0.525
Supernatural Paper Backpack,Bags,3518,1937,25,24,9,5,9,450.0,50.0,0.711,36.0,0.256,0.1279,True,Weak products,5493.0,0.525
Google NYC Campus Bottle,Drinkware and kitchen,5669,2342,39,35,34,33,39,442.0,11.33,0.688,87.18,0.6,0.078,True,Strong products,5493.0,0.525
Google Infant Hero Onesie Grey,Apparel,957,461,65,36,24,21,31,438.0,14.13,6.792,36.92,2.508,0.4577,False,,5493.0,0.525
Google Youth Badge Tee Navy,Apparel,4566,1613,92,63,25,24,31,431.0,13.9,2.015,27.17,0.548,0.0944,True,Hidden winners,5493.0,0.525
Google Cork Passport Holder,Tech and accessories,2099,1245,12,12,21,21,26,426.0,16.38,0.572,175.0,1.0,0.203,True,Hidden winners,5493.0,0.525
Android Iconic Backpack,Bags,1012,634,9,8,7,7,21,425.0,20.24,0.889,77.78,0.692,0.42,True,Hidden winners,5493.0,0.525
Flamingo and Friends Tee Blue,Apparel,3800,1754,44,33,26,25,26,424.0,16.31,1.158,59.09,0.684,0.1116,True,Hidden winners,5493.0,0.525
Mommy Works at Google Book,Stationery and office,479,355,12,10,25,25,25,420.0,16.8,2.505,208.33,5.219,0.8768,False,,5493.0,0.525
YouTube 25 oz Gear Cap Bottle Black,Drinkware and kitchen,5749,3017,237,181,18,16,18,416.0,23.11,4.122,7.59,0.313,0.0724,True,"High traffic, low conversion",5493.0,0.525
Google Twill Cap Charcoal,Headwear,1259,676,114,96,31,30,37,415.0,11.22,9.055,27.19,2.462,0.3296,True,Hidden winners,5493.0,0.525
Android Iconic Socks,Apparel,1927,1108,26,21,20,20,29,413.0,14.24,1.349,76.92,1.038,0.2143,True,Hidden winners,5493.0,0.525
Google Kirkland Campus Unisex Tee,Apparel,144,94,16,12,21,20,29,410.0,14.14,11.111,131.25,14.583,2.8472,False,,5493.0,0.525
Google LoveHandle Black,Tech and accessories,8585,3266,56,48,30,30,48,400.0,8.33,0.652,53.57,0.349,0.0466,True,"High traffic, low conversion",5493.0,0.525
Google NYC Campus Ladies Tee,Apparel,1099,525,15,14,26,22,28,400.0,14.29,1.365,173.33,2.366,0.364,True,Hidden winners,5493.0,0.525
Google Bot (Multicolored),Fun and gifts,4859,2084,116,98,39,35,48,398.0,8.29,2.387,33.62,0.803,0.0819,True,Hidden winners,5493.0,0.525
Stan and Friends Toddler Tee Green,Apparel,362,241,25,15,27,23,27,390.0,14.44,6.906,108.0,7.459,1.0773,False,,5493.0,0.525
Google Mens Microfleece Jacket Black,Apparel,1795,942,75,43,9,9,9,389.0,43.22,4.178,12.0,0.501,0.2167,True,Weak products,5493.0,0.525
Google Mural Notebook,Stationery and office,1626,778,13,11,20,18,26,389.0,14.96,0.8,153.85,1.23,0.2392,True,Hidden winners,5493.0,0.525
Google Cork Card Holder,Tech and accessories,2139,1277,13,10,25,25,28,386.0,13.79,0.608,192.31,1.169,0.1805,True,Hidden winners,5493.0,0.525
YouTube Jotter Task Pad,Stationery and office,14905,6731,243,188,54,52,142,381.0,2.68,1.63,22.22,0.362,0.0256,True,"High traffic, low conversion",5493.0,0.525
Android Iconic Hat White,Headwear,10981,5931,32,30,23,23,28,381.0,13.61,0.291,71.88,0.209,0.0347,True,"High traffic, low conversion",5493.0,0.525
YouTube Iconic Play Pin,Tech and accessories,9283,4674,89,81,27,27,55,381.0,6.93,0.959,30.34,0.291,0.041,True,"High traffic, low conversion",5493.0,0.525
Supernatural Paper Tote,Bags,2445,1427,19,16,16,13,16,376.0,23.5,0.777,84.21,0.654,0.1538,True,Hidden winners,5493.0,0.525
Google SF Campus Tote,Bags,201,156,33,27,35,35,60,376.0,6.27,16.418,106.06,17.413,1.8706,False,,5493.0,0.525
Keyboard DOT Sticker,Stationery and office,12597,4787,139,122,69,59,220,373.0,1.7,1.103,49.64,0.548,0.0296,True,Strong products,5493.0,0.525
Google Clear Framed Yellow Shades,Tech and accessories,3930,1519,48,36,45,45,113,372.0,3.29,1.221,93.75,1.145,0.0947,True,Hidden winners,5493.0,0.525
Android Iconic Hat Green,Headwear,12820,6818,53,43,25,25,26,362.0,13.92,0.413,47.17,0.195,0.0282,True,"High traffic, low conversion",5493.0,0.525
Google Toddler Hero Tee Black,Apparel,4712,1712,65,48,24,22,27,362.0,13.41,1.379,36.92,0.509,0.0768,True,Weak products,5493.0,0.525
Google Toddler Hero Tee Olive,Apparel,3377,1355,21,16,17,15,19,361.0,19.0,0.622,80.95,0.503,0.1069,True,Weak products,5493.0,0.525
Google Incognito Flap Pack,Bags,1559,905,19,15,6,6,6,360.0,60.0,1.219,31.58,0.385,0.2309,True,Weak products,5493.0,0.525
Google Cambridge Campus Mug,Drinkware and kitchen,5306,2170,106,93,44,43,48,347.0,7.23,1.998,41.51,0.829,0.0654,True,Hidden winners,5493.0,0.525
Google Tee Yellow,Apparel,33301,7631,386,247,34,33,37,345.0,9.32,1.159,8.81,0.102,0.0104,True,"High traffic, low conversion",5493.0,0.525
Google Emoji Magnet Set,Tech and accessories,159,127,16,15,35,35,40,344.0,8.6,10.063,218.75,22.013,2.1635,False,,5493.0,0.525
Google Mountain View Campus Ladies Tee,Apparel,771,375,14,11,23,20,24,340.0,14.17,1.816,164.29,2.983,0.441,False,,5493.0,0.525
Stan and Friends Onesie Green,Apparel,2023,1055,12,11,22,21,23,326.0,14.17,0.593,183.33,1.087,0.1611,True,Hidden winners,5493.0,0.525
Android Iconic Hat Black,Headwear,14421,7079,62,54,28,28,34,320.0,9.41,0.43,45.16,0.194,0.0222,True,"High traffic, low conversion",5493.0,0.525
Android Pocket Youth Tee Navy,Apparel,1402,601,19,17,12,11,15,320.0,21.33,1.355,63.16,0.856,0.2282,True,Hidden winners,5493.0,0.525
Google Kirkland Campus Mug,Drinkware and kitchen,278,170,21,17,19,19,46,314.0,6.83,7.554,90.48,6.835,1.1295,False,,5493.0,0.525
Google Sunnyvale Campus Ladies Tee,Apparel,816,359,10,10,20,20,22,312.0,14.18,1.225,200.0,2.451,0.3824,False,,5493.0,0.525
Android SM S/F18 Sticker Sheet,Stationery and office,37566,10007,225,169,107,96,169,311.0,1.84,0.599,47.56,0.285,0.0083,True,"High traffic, low conversion",5493.0,0.525
Google Phone Stand Bamboo,Tech and accessories,11638,4218,261,190,56,45,73,305.0,4.18,2.243,21.46,0.481,0.0262,True,"High traffic, low conversion",5493.0,0.525
#IamRemarkable Ladies T-Shirt,Apparel,12082,3643,104,65,28,25,29,299.0,10.31,0.861,26.92,0.232,0.0247,True,"High traffic, low conversion",5493.0,0.525
Google Boulder Campus Unisex Tee,Apparel,260,158,22,13,19,19,21,298.0,14.19,8.462,86.36,7.308,1.1462,False,,5493.0,0.525
Google Mesh Bag Blue,Bags,10210,4295,81,71,33,32,58,297.0,5.12,0.793,40.74,0.323,0.0291,True,"High traffic, low conversion",5493.0,0.525
Google Lapel Pin,Tech and accessories,275,207,34,32,39,39,43,290.0,6.74,12.364,114.71,14.182,1.0545,False,,5493.0,0.525
Google Chicago Campus Bottle,Drinkware and kitchen,326,193,10,8,16,15,25,286.0,11.44,3.067,160.0,4.908,0.8773,False,,5493.0,0.525
Google Austin Campus Tote,Bags,279,146,12,9,18,17,42,286.0,6.81,4.301,150.0,6.452,1.0251,False,,5493.0,0.525
Google Beekeepers Onesie Pink,Apparel,595,346,24,15,19,18,20,284.0,14.2,4.034,79.17,3.193,0.4773,False,,5493.0,0.525
Google Recycled Writing Set,Stationery and office,1402,771,70,53,47,47,82,283.0,3.45,4.993,67.14,3.352,0.2019,True,Hidden winners,5493.0,0.525
Google Color Block Notebook,Stationery and office,5004,2111,62,49,17,17,27,282.0,10.44,1.239,27.42,0.34,0.0564,True,Weak products,5493.0,0.525
Google Light Pen Blue,Tech and accessories,5103,2060,118,108,83,83,153,279.0,1.82,2.312,70.34,1.626,0.0547,True,Hidden winners,5493.0,0.525
Google Sustainable Pencil Pouch,Bags,725,519,73,65,28,28,33,278.0,8.42,10.069,38.36,3.862,0.3834,False,,5493.0,0.525
Google SF Campus Ladies Tee,Apparel,375,220,14,11,17,15,19,274.0,14.42,3.733,121.43,4.533,0.7307,False,,5493.0,0.525
Google Small Cable Organizer Blue,Tech and accessories,10406,3757,40,38,20,20,112,273.0,2.44,0.384,50.0,0.192,0.0262,True,"High traffic, low conversion",5493.0,0.525
Supernatural Paper Lunch Sack,Drinkware and kitchen,2650,1599,15,13,13,13,14,271.0,19.36,0.566,86.67,0.491,0.1023,True,Weak products,5493.0,0.525
Android Iconic Beanie,Headwear,11360,6161,41,39,26,26,30,268.0,8.93,0.361,63.41,0.229,0.0236,True,"High traffic, low conversion",5493.0,0.525
Google Youth Jumbo Print Tee White,Apparel,1413,530,39,25,15,12,17,265.0,15.59,2.76,38.46,1.062,0.1875,True,Hidden winners,5493.0,0.525
Google Austin Campus Bottle,Drinkware and kitchen,349,200,10,9,15,15,23,261.0,11.35,2.865,150.0,4.298,0.7479,False,,5493.0,0.525
Google Boulder Campus Mug,Drinkware and kitchen,329,206,32,28,32,32,36,261.0,7.25,9.726,100.0,9.726,0.7933,False,,5493.0,0.525
Google Mini Kick Ball,Fun and gifts,5182,2481,75,58,36,36,151,257.0,1.7,1.447,48.0,0.695,0.0496,True,Hidden winners,5493.0,0.525
Stan and Friends Youth Tee Green,Apparel,628,345,30,20,17,13,18,256.0,14.22,4.777,56.67,2.707,0.4076,False,,5493.0,0.525
Google Blue Kids Sunglasses,Tech and accessories,1969,812,42,35,39,39,60,255.0,4.25,2.133,92.86,1.981,0.1295,True,Hidden winners,5493.0,0.525
Google Youth FC Zip Hoodie,Apparel,2679,1111,37,29,7,6,7,252.0,36.0,1.381,18.92,0.261,0.0941,True,Weak products,5493.0,0.525
Google Cloud Pen,Stationery and office,7032,2850,81,72,44,42,100,251.0,2.51,1.152,54.32,0.626,0.0357,True,Strong products,5493.0,0.525
Google Sunnyvale Campus Unisex Tee,Apparel,852,420,64,43,16,16,17,250.0,14.71,7.512,25.0,1.878,0.2934,False,,5493.0,0.525
Google LA Campus Ladies Tee,Apparel,221,124,15,9,15,12,17,250.0,14.71,6.787,100.0,6.787,1.1312,False,,5493.0,0.525
Gift Card - $50.00,Gift cards,50,32,7,4,5,3,5,250.0,50.0,14.0,71.43,10.0,5.0,False,,5493.0,0.525
Google Women's Discovery Lt. Rain Shell,Apparel,1042,466,7,7,5,5,5,245.0,49.0,0.672,71.43,0.48,0.2351,True,Weak products,5493.0,0.525
Google 24 oz Ring Bottle Red,Drinkware and kitchen,1008,460,27,25,29,27,41,243.0,5.93,2.679,107.41,2.877,0.2411,True,Hidden winners,5493.0,0.525
Google Beekeepers Toddler Tee Pink,Apparel,483,276,8,8,17,15,17,242.0,14.24,1.656,212.5,3.52,0.501,False,,5493.0,0.525
Google PNW Campus Unisex Tee,Apparel,343,182,27,18,17,17,17,242.0,14.24,7.872,62.96,4.956,0.7055,False,,5493.0,0.525
Google Light Pen Red,Tech and accessories,3233,1426,98,86,69,69,133,240.0,1.8,3.031,70.41,2.134,0.0742,True,Hidden winners,5493.0,0.525
Google Clear Framed Gray Shades,Tech and accessories,1255,520,28,26,40,39,75,238.0,3.17,2.231,142.86,3.187,0.1896,True,Hidden winners,5493.0,0.525
Google Clear Framed Blue Shades,Tech and accessories,919,448,41,35,50,49,74,235.0,3.18,4.461,121.95,5.441,0.2557,False,,5493.0,0.525
Google Tee Red,Apparel,4192,1533,162,111,22,22,25,234.0,9.36,3.865,13.58,0.525,0.0558,True,Hidden winners,5493.0,0.525
Google Campus Bike Carry Pouch,Bags,10383,4299,48,38,23,23,35,228.0,6.51,0.462,47.92,0.222,0.022,True,"High traffic, low conversion",5493.0,0.525
Google Chicago Campus Unisex Tee,Apparel,428,222,19,16,16,15,16,228.0,14.25,4.439,84.21,3.738,0.5327,False,,5493.0,0.525
Google Laptop Sleeve Charcoal,Tech and accessories,19477,6861,27,24,12,12,13,224.0,17.23,0.139,44.44,0.062,0.0115,True,"High traffic, low conversion",5493.0,0.525
Google Medium Pet Leash (Blue/Green),Fun and gifts,128,84,7,6,7,7,8,224.0,28.0,5.469,100.0,5.469,1.75,False,,5493.0,0.525
Google Cork Pencil Pouch,Bags,2222,1262,64,61,24,22,32,220.0,6.88,2.88,37.5,1.08,0.099,True,Hidden winners,5493.0,0.525
Android Pocket Youth Tee Green,Apparel,1664,680,11,10,10,10,10,220.0,22.0,0.661,90.91,0.601,0.1322,True,Hidden winners,5493.0,0.525
Google Light Pen Green,Tech and accessories,2511,1111,68,65,61,61,121,219.0,1.81,2.708,89.71,2.429,0.0872,True,Hidden winners,5493.0,0.525
Google SF Campus Unisex Tee,Apparel,595,347,66,36,15,15,15,218.0,14.53,11.092,22.73,2.521,0.3664,False,,5493.0,0.525
Google Confetti Task Pad,Stationery and office,3200,1384,23,21,23,23,34,217.0,6.38,0.719,100.0,0.719,0.0678,True,Hidden winners,5493.0,0.525
Google Confetti Slim Task Pad,Stationery and office,6359,2490,60,52,29,23,63,216.0,3.43,0.944,48.33,0.456,0.034,True,"High traffic, low conversion",5493.0,0.525
Android Large Removable Sticker Sheet,Stationery and office,38277,9918,117,107,51,50,123,215.0,1.75,0.306,43.59,0.133,0.0056,True,"High traffic, low conversion",5493.0,0.525
Google Beekeepers Youth Tee Pink,Apparel,313,162,7,7,12,11,15,210.0,14.0,2.236,171.43,3.834,0.6709,False,,5493.0,0.525
Google Large Pet Leash (Red/Yellow),Fun and gifts,101,67,6,6,7,7,7,210.0,30.0,5.941,116.67,6.931,2.0792,False,,5493.0,0.525
Snowflake Android Cardboard Sculpture,Fun and gifts,6768,2706,23,21,23,23,25,208.0,8.32,0.34,100.0,0.34,0.0307,True,"High traffic, low conversion",5493.0,0.525
Google Large Pet Leash (Blue/Green),Fun and gifts,121,86,3,3,7,7,7,203.0,29.0,2.479,233.33,5.785,1.6777,False,,5493.0,0.525
Google Land & Sea Women's Eco Tee,Apparel,14823,6232,175,69,10,10,10,200.0,20.0,1.181,5.71,0.067,0.0135,True,"High traffic, low conversion",5493.0,0.525
Google Sunnyvale Campus Bottle,Drinkware and kitchen,615,329,21,19,13,13,17,197.0,11.59,3.415,61.9,2.114,0.3203,False,,5493.0,0.525
Google Cambridge Campus Unisex Tee,Apparel,5260,2144,38,27,13,13,13,194.0,14.92,0.722,34.21,0.247,0.0369,True,Weak products,5493.0,0.525
Google Cork Journal,Stationery and office,463,251,14,9,23,19,27,194.0,7.19,3.024,164.29,4.968,0.419,False,,5493.0,0.525
Google Chrome Dino Light Up Water Bottle,Drinkware and kitchen,4460,1973,9,9,7,7,10,191.0,19.1,0.202,77.78,0.157,0.0428,True,Weak products,5493.0,0.525
Maze Pen,Stationery and office,4677,1906,132,108,46,46,220,190.0,0.86,2.822,34.85,0.984,0.0406,True,Hidden winners,5493.0,0.525
Google Mural Sticker Sheet,Stationery and office,3418,1807,84,77,67,66,82,190.0,2.32,2.458,79.76,1.96,0.0556,True,Hidden winners,5493.0,0.525
Android Large Trace Journal Black,Stationery and office,31841,7988,125,99,22,22,27,181.0,6.7,0.393,17.6,0.069,0.0057,True,"High traffic, low conversion",5493.0,0.525
Google Tee Blue,Apparel,5029,1669,116,93,17,16,20,181.0,9.05,2.307,14.66,0.338,0.036,True,Weak products,5493.0,0.525
Google Decal,Stationery and office,4445,2014,276,220,63,63,267,181.0,0.68,6.209,22.83,1.417,0.0407,True,Hidden winners,5493.0,0.525
Android Lumberjack Pin,Tech and accessories,989,519,23,22,31,26,41,178.0,4.34,2.326,134.78,3.134,0.18,False,,5493.0,0.525
Google Mouse Pad Navy,Tech and accessories,11411,4108,112,92,25,25,43,177.0,4.12,0.982,22.32,0.219,0.0155,True,"High traffic, low conversion",5493.0,0.525
Google Aluminum Bottle Red,Drinkware and kitchen,6129,2407,49,46,22,21,26,175.0,6.73,0.799,44.9,0.359,0.0286,True,"High traffic, low conversion",5493.0,0.525
Google Women's Pride Eco-Tee Black,Apparel,636,372,39,29,12,11,13,169.0,13.0,6.132,30.77,1.887,0.2657,False,,5493.0,0.525
Google Felt Luggage Tag,Bags,2273,1324,30,26,20,20,26,168.0,6.46,1.32,66.67,0.88,0.0739,True,Hidden winners,5493.0,0.525
Google Medium Pet Collar (Blue/Green),Fun and gifts,161,110,8,7,5,5,6,168.0,28.0,4.969,62.5,3.106,1.0435,False,,5493.0,0.525
Google Large Pet Collar (Blue/Green),Fun and gifts,134,94,4,4,6,6,6,168.0,28.0,2.985,150.0,4.478,1.2537,False,,5493.0,0.525
Google Confetti Accessory Pouch,Bags,11092,4549,32,31,14,14,16,167.0,10.44,0.288,43.75,0.126,0.0151,True,"High traffic, low conversion",5493.0,0.525
Google Tee Grey,Apparel,3685,1257,64,53,16,16,18,164.0,9.11,1.737,25.0,0.434,0.0445,True,Weak products,5493.0,0.525
Google Maps Pin,Tech and accessories,304,208,6,6,23,23,25,163.0,6.52,1.974,383.33,7.566,0.5362,False,,5493.0,0.525
Google Men's Discovery Lt. Rain Shell,Apparel,1552,746,34,25,3,3,3,160.0,53.33,2.191,8.82,0.193,0.1031,True,Weak products,5493.0,0.525
Google Recycled Pen Black,Stationery and office,5936,2777,52,48,45,39,86,156.0,1.81,0.876,86.54,0.758,0.0263,True,Strong products,5493.0,0.525
Google Tee Green,Apparel,29929,6928,217,140,17,17,17,155.0,9.12,0.725,7.83,0.057,0.0052,True,"High traffic, low conversion",5493.0,0.525
Google Mural Tote,Bags,284,214,10,8,10,10,10,148.0,14.8,3.521,100.0,3.521,0.5211,False,,5493.0,0.525
Google Felt Strap Keyring,Other,167,123,12,12,13,13,14,147.0,10.5,7.186,108.33,7.784,0.8802,False,,5493.0,0.525
Google Boulder Campus Ladies Tee,Apparel,182,105,3,3,10,9,10,144.0,14.4,1.648,333.33,5.495,0.7912,False,,5493.0,0.525
Google Cork Key Ring,Other,2012,1157,18,16,15,15,20,142.0,7.1,0.895,83.33,0.746,0.0706,True,Hidden winners,5493.0,0.525
Google Women's Black Tee,Apparel,1420,518,52,39,9,9,10,142.0,14.2,3.662,17.31,0.634,0.1,True,Hidden winners,5493.0,0.525
Android Small Trace Journal Black,Stationery and office,30267,7510,57,50,14,14,26,140.0,5.38,0.188,24.56,0.046,0.0046,True,"High traffic, low conversion",5493.0,0.525
Google Pen Citron,Stationery and office,4236,1729,91,78,51,50,135,140.0,1.04,2.148,56.04,1.204,0.0331,True,Hidden winners,5493.0,0.525
Google Women's Kirkland Pullover,Apparel,762,449,16,13,4,3,4,140.0,35.0,2.1,25.0,0.525,0.1837,False,,5493.0,0.525
Google Austin Campus Ladies Tee,Apparel,427,189,9,7,10,10,10,140.0,14.0,2.108,111.11,2.342,0.3279,False,,5493.0,0.525
Google Chicago Campus Ladies Tee,Apparel,329,150,5,5,9,9,10,140.0,14.0,1.52,180.0,2.736,0.4255,False,,5493.0,0.525
Google Medium Pet Collar (Red/Yellow),Fun and gifts,126,92,8,8,5,5,5,140.0,28.0,6.349,62.5,3.968,1.1111,False,,5493.0,0.525
Google Kirkland Campus Ladies Tee,Apparel,111,67,6,5,9,9,10,140.0,14.0,5.405,150.0,8.108,1.2613,False,,5493.0,0.525
Google Totepak,Other,318,226,2,2,7,7,7,138.0,19.71,0.629,350.0,2.201,0.434,False,,5493.0,0.525
Google Red Kids Sunglasses,Tech and accessories,2538,1052,27,24,24,23,33,137.0,4.15,1.064,88.89,0.946,0.054,True,Hidden winners,5493.0,0.525
YouTube Small Sticker Sheet,Stationery and office,11570,5806,247,170,12,12,54,135.0,2.5,2.135,4.86,0.104,0.0117,True,"High traffic, low conversion",5493.0,0.525
Stainless Straight Straw/Cleaner,Drinkware and kitchen,2283,1002,33,24,20,20,45,133.0,2.96,1.445,60.61,0.876,0.0583,True,Hidden winners,5493.0,0.525
Google Youth F/C Pullover Hoodie,Apparel,2081,922,43,33,4,4,4,128.0,32.0,2.066,9.3,0.192,0.0615,True,Weak products,5493.0,0.525
Google Land & Sea Tech Taco,Other,16687,6670,66,60,23,23,38,125.0,3.29,0.396,34.85,0.138,0.0075,True,"High traffic, low conversion",5493.0,0.525
Google Yellow YoYo,Other,278,183,11,10,18,18,36,125.0,3.47,3.957,163.64,6.475,0.4496,False,,5493.0,0.525
Google Large White Gift Bag 5/PK,Bags,239,141,10,9,10,10,12,125.0,10.42,4.184,100.0,4.184,0.523,False,,5493.0,0.525
Google LA Campus Bottle,Drinkware and kitchen,292,174,12,11,11,11,11,124.0,11.27,4.11,91.67,3.767,0.4247,False,,5493.0,0.525
Android Puzzlebot v2,Other,806,475,40,27,8,4,8,119.0,14.88,4.963,20.0,0.993,0.1476,False,,5493.0,0.525
Google Large Pet Collar (Red/Yellow),Fun and gifts,99,69,5,5,4,4,4,119.0,29.75,5.051,80.0,4.04,1.202,False,,5493.0,0.525
Google Tee F/C Black,Apparel,2878,1295,316,152,7,7,8,118.0,14.75,10.98,2.22,0.243,0.041,True,Weak products,5493.0,0.525
Google Pen Bright Blue,Stationery and office,2971,1273,73,64,49,48,78,117.0,1.5,2.457,67.12,1.649,0.0394,True,Hidden winners,5493.0,0.525
Android Iconic Sticker Sheet,Stationery and office,3154,1717,38,34,14,14,44,112.0,2.55,1.205,36.84,0.444,0.0355,True,Weak products,5493.0,0.525
Google NYC Campus Unisex Tee,Apparel,1322,636,60,38,8,8,8,112.0,14.0,4.539,13.33,0.605,0.0847,True,Hidden winners,5493.0,0.525
#IamRemarkable Pen,Stationery and office,2087,896,8,6,6,5,7,110.0,15.71,0.383,75.0,0.287,0.0527,True,Weak products,5493.0,0.525
Google Cork Tablet Case,Tech and accessories,2010,1174,2,2,6,6,6,110.0,18.33,0.1,300.0,0.299,0.0547,True,Weak products,5493.0,0.525
Google Jotter Task Pad,Stationery and office,9088,3839,108,82,14,11,38,106.0,2.79,1.188,12.96,0.154,0.0117,True,"High traffic, low conversion",5493.0,0.525
Google Cambridge Campus Ladies Tee,Apparel,5343,2141,13,12,6,6,7,106.0,15.14,0.243,46.15,0.112,0.0198,True,Weak products,5493.0,0.525
Google LA Campus Tote,Bags,117,92,15,15,15,15,17,106.0,6.24,12.821,100.0,12.821,0.906,False,,5493.0,0.525
Google Recycled Notebook Set Natural,Stationery and office,504,257,9,8,9,9,9,105.0,11.67,1.786,100.0,1.786,0.2083,False,,5493.0,0.525
BLM Unisex Pullover Hoodie,Apparel,35,26,9,3,2,2,2,104.0,52.0,25.714,22.22,5.714,2.9714,False,,5493.0,0.525
Google Mountain View Campus Unisex Tee,Apparel,2260,1166,84,55,6,6,7,102.0,14.57,3.717,7.14,0.265,0.0451,True,Weak products,5493.0,0.525
Google Austin Campus Unisex Tee,Apparel,569,275,37,24,7,7,7,102.0,14.57,6.503,18.92,1.23,0.1793,False,,5493.0,0.525
Google Blue YoYo,Other,155,111,16,14,21,21,28,100.0,3.57,10.323,131.25,13.548,0.6452,False,,5493.0,0.525
Android Iconic Pen,Stationery and office,1533,744,27,26,23,23,64,98.0,1.53,1.761,85.19,1.5,0.0639,True,Hidden winners,5493.0,0.525
Google Pen Lilac,Stationery and office,747,366,36,30,36,36,63,93.0,1.48,4.819,100.0,4.819,0.1245,False,,5493.0,0.525
Google Pen Neon Coral,Stationery and office,617,304,30,27,32,32,58,93.0,1.6,4.862,106.67,5.186,0.1507,False,,5493.0,0.525
Google Pen Red,Stationery and office,335,180,26,25,28,28,66,93.0,1.41,7.761,107.69,8.358,0.2776,False,,5493.0,0.525
Google Pride Sticker,Stationery and office,2644,1482,101,89,49,45,128,92.0,0.72,3.82,48.51,1.853,0.0348,True,Hidden winners,5493.0,0.525
Google Tee Mint Green,Apparel,898,539,25,21,6,6,6,92.0,15.33,2.784,24.0,0.668,0.1024,False,,5493.0,0.525
Google Red YoYo,Other,252,135,11,9,22,22,29,92.0,3.17,4.365,200.0,8.73,0.3651,False,,5493.0,0.525
Google PNW Campus Ladies Tee,Apparel,67,52,3,3,6,6,6,92.0,15.33,4.478,200.0,8.955,1.3731,False,,5493.0,0.525
#IamRemarkable Lapel Pin,Tech and accessories,988,459,27,24,15,15,38,90.0,2.37,2.733,55.56,1.518,0.0911,False,,5493.0,0.525
Android Hipster Pin,Tech and accessories,765,405,6,5,9,9,18,89.0,4.94,0.784,150.0,1.176,0.1163,False,,5493.0,0.525
Google Tonal Tee Coral,Apparel,3447,1104,78,56,7,7,9,85.0,9.44,2.263,8.97,0.203,0.0247,True,Weak products,5493.0,0.525
Google NYC Campus Sticker,Stationery and office,7415,2475,90,71,42,42,79,83.0,1.05,1.214,46.67,0.566,0.0112,True,Strong products,5493.0,0.525
Google NYC Campus Lapel Pin,Tech and accessories,5323,2148,33,28,24,24,26,83.0,3.19,0.62,72.73,0.451,0.0156,True,Weak products,5493.0,0.525
Google Chicago Campus Tote,Bags,247,129,9,8,9,9,13,83.0,6.38,3.644,100.0,3.644,0.336,False,,5493.0,0.525
Google Seattle Campus Sticker,Stationery and office,2847,662,41,36,27,27,75,82.0,1.09,1.44,65.85,0.948,0.0288,True,Hidden winners,5493.0,0.525
Google Tech Taco,Other,11521,4542,51,43,13,13,25,81.0,3.24,0.443,25.49,0.113,0.007,True,"High traffic, low conversion",5493.0,0.525
Google Striped Penny Pouch,Bags,2026,810,53,35,15,15,35,81.0,2.31,2.616,28.3,0.74,0.04,True,Hidden winners,5493.0,0.525
Android Iconic Pin,Tech and accessories,8880,3373,26,24,21,18,23,79.0,3.43,0.293,80.77,0.236,0.0089,True,"High traffic, low conversion",5493.0,0.525
Google Cloth & Pouch Black,Bags,3355,1291,27,20,8,8,24,79.0,3.29,0.805,29.63,0.238,0.0235,True,Weak products,5493.0,0.525
Google LA Campus Sticker,Stationery and office,2890,676,38,35,37,33,75,79.0,1.05,1.315,97.37,1.28,0.0273,True,Hidden winners,5493.0,0.525
Google Cambridge Campus Bottle,Drinkware and kitchen,5291,2164,36,34,7,7,7,77.0,11.0,0.68,19.44,0.132,0.0146,True,Weak products,5493.0,0.525
Google Pen Grey,Stationery and office,2378,1014,68,65,31,29,49,73.0,1.49,2.86,45.59,1.304,0.0307,True,Hidden winners,5493.0,0.525
Google Tudes Thermal Bottle,Drinkware and kitchen,89,59,0,0,2,2,2,72.0,36.0,0.0,,2.247,0.809,False,,5493.0,0.525
Android Geek Pin,Tech and accessories,583,294,9,8,6,6,15,71.0,4.73,1.544,66.67,1.029,0.1218,False,,5493.0,0.525
Google Seattle Campus Ladies Tee,Apparel,178,108,12,10,5,5,5,70.0,14.0,6.742,41.67,2.809,0.3933,False,,5493.0,0.525
Google Small White Gift Bag 5/PK,Bags,217,133,10,9,9,9,10,65.0,6.5,4.608,90.0,4.147,0.2995,False,,5493.0,0.525
Google Pen Grass Green,Stationery and office,2314,970,30,29,29,28,42,64.0,1.52,1.296,96.67,1.253,0.0277,True,Hidden winners,5493.0,0.525
Google Sunnyvale Campus Tote,Bags,549,266,20,17,7,7,10,61.0,6.1,3.643,35.0,1.275,0.1111,False,,5493.0,0.525
Google PNW Campus Tote,Bags,201,95,16,12,6,6,9,59.0,6.56,7.96,37.5,2.985,0.2935,False,,5493.0,0.525
"Android Iconic 4"" Decal",Stationery and office,3104,1709,46,42,17,17,46,56.0,1.22,1.482,36.96,0.548,0.018,True,Hidden winners,5493.0,0.525
Google Medium Pet Leash (Red/Yellow),Fun and gifts,113,81,5,5,2,2,2,56.0,28.0,4.425,40.0,1.77,0.4956,False,,5493.0,0.525
Google Boulder Campus Bottle,Drinkware and kitchen,203,131,8,7,4,4,5,55.0,11.0,3.941,50.0,1.97,0.2709,False,,5493.0,0.525
Google Frisbee,Fun and gifts,2720,1020,35,29,22,22,39,50.0,1.28,1.287,62.86,0.809,0.0184,True,Hidden winners,5493.0,0.525
Google Confetti Pen White,Stationery and office,2178,912,42,34,22,22,32,49.0,1.53,1.928,52.38,1.01,0.0225,True,Hidden winners,5493.0,0.525
Android Jotter Task Pad,Stationery and office,7655,3458,54,42,12,12,20,48.0,2.4,0.705,22.22,0.157,0.0063,True,"High traffic, low conversion",5493.0,0.525
YouTube Women's Favorite Tee White,Apparel,29524,6885,80,44,5,5,5,47.0,9.4,0.271,6.25,0.017,0.0016,True,"High traffic, low conversion",5493.0,0.525
Stainless Bent Straw/Cleaner,Drinkware and kitchen,12622,4499,75,50,13,13,22,46.0,2.09,0.594,17.33,0.103,0.0036,True,"High traffic, low conversion",5493.0,0.525
Google Boulder Campus Sticker,Stationery and office,2811,640,34,30,20,20,43,45.0,1.05,1.21,58.82,0.711,0.016,True,Hidden winners,5493.0,0.525
Google Cambridge Campus Sticker,Stationery and office,7684,2572,45,39,18,18,42,44.0,1.05,0.586,40.0,0.234,0.0057,True,"High traffic, low conversion",5493.0,0.525
Google SF Campus Lapel Pin,Tech and accessories,335,193,30,19,13,13,13,44.0,3.38,8.955,43.33,3.881,0.1313,False,,5493.0,0.525
Google Austin Campus Lapel Pin,Tech and accessories,164,98,9,9,12,12,13,43.0,3.31,5.488,133.33,7.317,0.2622,False,,5493.0,0.525
Google Recycled Pen Green,Stationery and office,2941,1339,20,19,11,11,25,42.0,1.68,0.68,55.0,0.374,0.0143,True,Weak products,5493.0,0.525
Google Seattle Campus Unisex Tee,Apparel,214,152,33,26,2,2,3,42.0,14.0,15.421,6.06,0.935,0.1963,False,,5493.0,0.525
Google Bottle Cleaner,Drinkware and kitchen,11303,3905,21,20,4,4,5,40.0,8.0,0.186,19.05,0.035,0.0035,True,"High traffic, low conversion",5493.0,0.525
#IamRemarkable Tote,Bags,427,243,10,8,6,6,6,38.0,6.33,2.342,60.0,1.405,0.089,False,,5493.0,0.525
Google LA Campus Lapel Pin,Tech and accessories,211,127,9,9,11,11,11,36.0,3.27,4.265,122.22,5.213,0.1706,False,,5493.0,0.525
Google Boulder Campus Tote,Bags,50,35,6,5,6,6,6,36.0,6.0,12.0,100.0,12.0,0.72,False,,5493.0,0.525
Google Women's Eco Tee Black,Apparel,4967,2291,160,101,1,1,2,35.0,17.5,3.221,0.63,0.02,0.007,True,Weak products,5493.0,0.525
Google SF Campus Mug,Drinkware and kitchen,115,63,0,0,4,4,5,34.0,6.8,0.0,,3.478,0.2957,False,,5493.0,0.525
Google Sunnyvale Campus Sticker,Stationery and office,2910,767,79,52,13,13,28,31.0,1.11,2.715,16.46,0.447,0.0107,True,Weak products,5493.0,0.525
Google Cambridge Campus Tote,Bags,5221,2113,15,14,4,4,5,30.0,6.0,0.287,26.67,0.077,0.0057,True,Weak products,5493.0,0.525
Google Mountain View Campus Sticker,Stationery and office,2871,792,115,78,10,10,25,29.0,1.16,4.006,8.7,0.348,0.0101,True,Weak products,5493.0,0.525
Google Chicago Campus Lapel Pin,Tech and accessories,135,71,7,6,7,7,8,25.0,3.13,5.185,100.0,5.185,0.1852,False,,5493.0,0.525
Google PNW Campus Sticker,Stationery and office,2901,675,66,43,9,9,23,24.0,1.04,2.275,13.64,0.31,0.0083,True,Weak products,5493.0,0.525
Google Kirkland Campus Sticker,Stationery and office,2729,589,14,12,9,9,22,24.0,1.09,0.513,64.29,0.33,0.0088,True,Weak products,5493.0,0.525
Android Iconic Bottle Black,Drinkware and kitchen,2185,786,2,2,1,1,1,24.0,24.0,0.092,50.0,0.046,0.011,True,Weak products,5493.0,0.525
Google Jumbo Print Tee White,Apparel,1957,631,47,34,2,2,2,24.0,12.0,2.402,4.26,0.102,0.0123,True,Weak products,5493.0,0.525
Google Seattle Campus Lapel Pin,Tech and accessories,166,101,5,5,7,7,7,23.0,3.29,3.012,140.0,4.217,0.1386,False,,5493.0,0.525
Google PNW Campus Lapel Pin,Tech and accessories,203,100,9,7,7,7,7,21.0,3.0,4.433,77.78,3.448,0.1034,False,,5493.0,0.525
Google Bellevue Campus Sticker,Stationery and office,2739,591,11,10,7,7,19,20.0,1.05,0.402,63.64,0.256,0.0073,True,Weak products,5493.0,0.525
Android Pocket Onesie White,Apparel,2531,934,0,0,1,1,1,18.0,18.0,0.0,,0.04,0.0071,True,Weak products,5493.0,0.525
Google Tonal Tee Spearmint,Apparel,2309,1134,55,47,2,2,2,18.0,9.0,2.382,3.64,0.087,0.0078,True,Weak products,5493.0,0.525
Android Pocket Toddler Tee White,Apparel,1793,714,0,0,1,1,1,18.0,18.0,0.0,,0.056,0.01,True,Weak products,5493.0,0.525
Google Boulder Campus Lapel Pin,Tech and accessories,145,91,6,5,4,4,5,17.0,3.4,4.138,66.67,2.759,0.1172,False,,5493.0,0.525
Google Cambridge Campus Lapel Pin,Tech and accessories,364,239,28,27,5,5,5,15.0,3.0,7.692,17.86,1.374,0.0412,False,,5493.0,0.525
Google Women's Ringer Tee,Apparel,737,274,10,9,1,1,1,14.0,14.0,1.357,10.0,0.136,0.019,False,,5493.0,0.525
Google Mountain View Tee Red,Apparel,303,192,7,7,1,1,1,14.0,14.0,2.31,14.29,0.33,0.0462,False,,5493.0,0.525
Candy Cane Android Cardboard Sculpture,Fun and gifts,8065,2275,3,3,1,1,1,8.0,8.0,0.037,33.33,0.012,0.001,True,"High traffic, low conversion",5493.0,0.525
Android Flex Journal White,Stationery and office,102,53,3,2,2,2,3,6.0,2.0,2.941,66.67,1.961,0.0588,False,,5493.0,0.525
Google Kirkland Campus Lapel Pin,Tech and accessories,97,54,5,5,2,2,2,6.0,3.0,5.155,40.0,2.062,0.0619,False,,5493.0,0.525
Google Separating Keyring,Other,34,24,1,1,1,1,1,6.0,6.0,2.941,100.0,2.941,0.1765,False,,5493.0,0.525
Google Stylus Pen w/ LED Light,Tech and accessories,1918,834,42,29,1,1,1,4.0,4.0,2.19,2.38,0.052,0.0021,True,Weak products,5493.0,0.525
Google Light Pen Yellow,Tech and accessories,245,111,7,7,1,1,1,2.0,2.0,2.857,14.29,0.408,0.0082,False,,5493.0,0.525
Google Land & Sea Unisex Tee,Apparel,13441,5696,258,119,0,0,0,0.0,,1.92,0.0,0.0,0.0,True,"High traffic, low conversion",5493.0,0.525
Google Black Tee,Apparel,7254,3168,360,236,0,0,0,0.0,,4.963,0.0,0.0,0.0,True,"High traffic, low conversion",5493.0,0.525
Google Unisex Pride Eco-Tee Black,Apparel,5744,3018,112,90,0,0,0,0.0,,1.95,0.0,0.0,0.0,True,"High traffic, low conversion",5493.0,0.525
Google Tee Dark Blue,Apparel,4724,1528,146,107,0,0,0,0.0,,3.091,0.0,0.0,0.0,True,Weak products,5493.0,0.525
Google Mountain View Tee Blue,Apparel,3399,1794,16,14,0,0,0,0.0,,0.471,0.0,0.0,0.0,True,Weak products,5493.0,0.525
Google Tracking Hat,Headwear,2845,1414,0,0,0,0,0,0.0,,0.0,,0.0,0.0,True,Weak products,5493.0,0.525
Google Lightweight Crew Sweatshirt Grey,Apparel,2074,897,54,39,0,0,0,0.0,,2.604,0.0,0.0,0.0,True,Weak products,5493.0,0.525
Google Kids Playful Tee,Apparel,1644,674,135,49,0,0,0,0.0,,8.212,0.0,0.0,0.0,True,Weak products,5493.0,0.525
Google Women's Short Sleeve Hero Dark Grey,Apparel,534,225,18,15,0,0,0,0.0,,3.371,0.0,0.0,0.0,False,,5493.0,0.525
Google Color Block Tote White,Bags,506,261,5,2,0,0,0,0.0,,0.988,0.0,0.0,0.0,False,,5493.0,0.525
Google Confetti Tote White,Bags,377,116,2,2,0,0,0,0.0,,0.531,0.0,0.0,0.0,False,,5493.0,0.525
Google Mountain View Campus Mug,Drinkware and kitchen,144,87,0,0,0,0,0,0.0,,0.0,,0.0,0.0,False,,5493.0,0.525
Google Felt Mason Jar,Other,91,63,0,0,0,0,0,0.0,,0.0,,0.0,0.0,False,,5493.0,0.525
Google Mountain View Campus Bottle,Drinkware and kitchen,85,56,0,0,0,0,0,0.0,,0.0,,0.0,0.0,False,,5493.0,0.525
Android Cardboard Sculpture,Fun and gifts,79,33,0,0,0,0,0,0.0,,0.0,,0.0,0.0,False,,5493.0,0.525
Google Mountain View Campus Tote,Bags,64,39,0,0,0,0,0,0.0,,0.0,,0.0,0.0,False,,5493.0,0.525
White Google Cloud Tumbler,Drinkware and kitchen,64,33,0,0,0,0,0,0.0,,0.0,,0.0,0.0,False,,5493.0,0.525
Google Charcoal Unisex Badge Tee,Apparel,63,32,0,0,0,0,0,0.0,,0.0,,0.0,0.0,False,,5493.0,0.525
Google Green YoYo,Other,61,34,0,0,0,0,0,0.0,,0.0,,0.0,0.0,False,,5493.0,0.525
Google Grey Women's Tee,Apparel,57,30,0,0,0,0,0,0.0,,0.0,,0.0,0.0,False,,5493.0,0.525
Gift Card - $10.00,Gift cards,46,29,0,0,0,0,0,0.0,,0.0,,0.0,0.0,False,,5493.0,0.525
Gift Card - $250.00,Gift cards,44,27,0,0,0,0,0,0.0,,0.0,,0.0,0.0,False,,5493.0,0.525
Google Inverted Umbrella,Fun and gifts,28,9,0,0,0,0,0,0.0,,0.0,,0.0,0.0,False,,5493.0,0.525
Google Tritan Bottle Gray,Drinkware and kitchen,9,6,0,0,0,0,0,0.0,,0.0,,0.0,0.0,False,,5493.0,0.525
Google 5K Run 2020 Unisex Tee,Apparel,3,1,2,1,0,0,0,0.0,,66.667,0.0,0.0,0.0,False,,5493.0,0.525
