product_group,products,impressions,cart_adds,order_lines,units,revenue_usd,pct_of_revenue,view_to_cart_pct,view_to_purchase_pct
Apparel,153,1203153,18118,5687,6231,199799.0,58.87,1.506,0.473
Drinkware and kitchen,63,338798,4244,2439,3602,47190.0,13.9,1.253,0.72
Bags,42,178096,1538,934,1461,26694.0,7.86,0.864,0.524
Stationery and office,63,430248,5401,2325,5175,20167.0,5.94,1.255,0.54
Headwear,14,196360,4656,914,1185,15964.0,4.7,2.371,0.465
Fun and gifts,23,97419,817,585,847,13424.0,3.96,0.839,0.6
Tech and accessories,43,137527,2007,1402,2502,11111.0,3.27,1.459,1.019
Gift cards,5,225,49,59,62,2575.0,0.76,21.778,26.222
Other,13,73795,430,223,292,2488.0,0.73,0.583,0.302
