cohort_week,new_users,eligible_7d_users,return_7d_pct,eligible_30d_users,return_30d_pct,purchase_rate_pct
2020-10-26,1974,1974,6.23,1974,7.6,0.61
2020-11-02,16732,16732,9.2,16732,12.05,1.26
2020-11-09,14813,14813,10.41,14813,14.07,1.84
2020-11-16,17100,17100,10.44,17100,14.27,1.71
2020-11-23,19296,19296,9.3,19296,12.05,1.89
2020-11-30,21436,21436,9.71,21436,11.92,2.14
2020-12-07,27970,27970,7.45,27970,9.15,1.78
2020-12-14,24477,24477,6.64,24477,8.49,1.54
2020-12-21,17215,17215,5.36,17215,7.2,0.81
2020-12-28,16463,16463,4.97,11865,6.51,0.47
2021-01-04,22682,22682,6.62,0,,0.55
2021-01-11,21260,21260,6.72,0,,0.64
2021-01-18,20472,20472,7.8,0,,1.27
2021-01-25,19258,0,,0,,0.24
