date,users,sessions,product_view_sessions,add_to_cart_sessions,begin_checkout_sessions,add_payment_sessions,purchasing_sessions,buyers,orders,revenue_usd,day_of_week,new_users,session_conversion_pct,aov,add_to_cart_reliable,purchase_data_reliable
2020-11-01,2365,2625,537,1,95,29,13,13,14,773.0,Sunday,1974,0.495,55.21,False,True
2020-11-02,3259,3726,821,0,130,55,40,39,49,4789.0,Monday,2522,1.074,97.73,False,True
2020-11-03,4641,5347,1010,0,144,73,48,48,51,3497.0,Tuesday,3705,0.898,68.57,False,True
2020-11-04,3720,4325,879,0,118,44,28,28,44,2013.0,Wednesday,2879,0.647,45.75,False,True
2020-11-05,3268,3840,878,0,127,48,26,26,26,1792.0,Thursday,2446,0.677,68.92,False,True
2020-11-06,2806,3319,852,0,154,77,48,48,58,3438.0,Friday,2065,1.446,59.28,False,True
2020-11-07,2001,2271,589,0,111,45,28,28,31,2531.0,Saturday,1569,1.233,81.65,False,True
2020-11-08,1913,2163,498,0,100,45,31,31,32,3760.0,Sunday,1546,1.433,117.5,False,True
2020-11-09,2796,3271,789,0,135,64,43,41,53,2181.0,Monday,2119,1.315,41.15,False,True
2020-11-10,3252,3824,951,0,173,97,62,62,62,4014.0,Tuesday,2489,1.621,64.74,False,True
2020-11-11,3288,3809,943,0,163,90,62,62,63,4428.0,Wednesday,2483,1.628,70.29,False,True
2020-11-12,3174,3693,947,0,169,86,51,51,54,3349.0,Thursday,2316,1.381,62.02,False,True
2020-11-13,2856,3338,854,0,186,101,69,66,78,5750.0,Friday,2183,2.067,73.72,False,True
2020-11-14,2071,2360,585,0,106,47,29,29,30,2338.0,Saturday,1641,1.229,77.93,False,True
2020-11-15,1957,2213,497,0,110,41,23,23,23,1553.0,Sunday,1582,1.039,67.52,False,True
2020-11-16,3077,3532,875,35,165,102,67,66,67,4976.0,Monday,2362,1.897,74.27,False,True
2020-11-17,3438,4063,1078,247,200,120,85,85,98,6227.0,Tuesday,2592,2.092,63.54,False,True
2020-11-18,3500,4126,1028,207,159,89,49,48,58,4153.0,Wednesday,2661,1.188,71.6,False,True
2020-11-19,3559,4189,1063,39,127,74,42,42,44,3373.0,Thursday,2717,1.003,76.66,False,True
2020-11-20,3467,4127,1094,3,161,82,50,50,51,4087.0,Friday,2658,1.212,80.14,False,True
2020-11-21,2748,3190,814,0,125,49,32,32,32,2019.0,Saturday,2194,1.003,63.09,False,True
2020-11-22,2357,2687,670,0,109,46,27,27,29,1714.0,Sunday,1916,1.005,59.1,False,True
2020-11-23,3415,3960,952,0,172,90,61,61,71,4432.0,Monday,2679,1.54,62.42,False,True
2020-11-24,3805,4422,1129,0,210,134,95,94,106,7325.0,Tuesday,2913,2.148,69.1,False,True
2020-11-25,3979,4604,1189,80,225,136,82,80,95,7647.0,Wednesday,3096,1.781,80.49,False,True
2020-11-26,3618,4177,896,287,191,85,53,53,54,4449.0,Thursday,2928,1.269,82.39,True,True
2020-11-27,3507,3977,874,328,194,118,85,84,89,6263.0,Friday,2844,2.137,70.37,True,True
2020-11-28,3002,3387,755,281,159,91,66,64,69,6092.0,Saturday,2484,1.949,88.29,True,True
2020-11-29,2881,3253,708,267,127,65,47,46,50,3938.0,Sunday,2352,1.445,78.76,True,True
2020-11-30,3966,4583,1191,427,241,168,122,121,134,11910.0,Monday,3107,2.662,88.88,True,True
2020-12-01,4293,4983,1263,461,231,144,89,87,95,6173.0,Tuesday,3353,1.786,64.98,True,True
2020-12-02,4095,4801,1210,392,209,113,72,71,78,5161.0,Wednesday,3215,1.5,66.17,True,True
2020-12-03,4452,5182,1344,403,228,122,83,83,86,4284.0,Thursday,3544,1.602,49.81,True,True
2020-12-04,4123,4714,1186,383,198,119,83,82,92,6449.0,Friday,3280,1.761,70.1,True,True
2020-12-05,3072,3498,822,295,172,99,74,73,83,6250.0,Saturday,2517,2.115,75.3,True,True
2020-12-06,2941,3327,766,258,140,62,40,40,42,2498.0,Sunday,2420,1.202,59.48,True,True
2020-12-07,4702,5451,1216,371,204,118,90,88,107,8735.0,Monday,3771,1.651,81.64,True,True
2020-12-08,6673,7562,1443,467,266,160,106,105,116,8197.0,Tuesday,5513,1.402,70.66,True,True
2020-12-09,5525,6282,1269,424,258,185,127,122,142,10577.0,Wednesday,4464,2.022,74.49,True,True
2020-12-10,5230,5993,1413,456,267,175,125,123,138,10835.0,Thursday,4200,2.086,78.51,True,True
2020-12-11,4943,5607,1281,429,260,179,140,137,150,10051.0,Friday,3972,2.497,67.01,True,True
2020-12-12,3744,4135,880,313,192,121,94,94,101,6284.0,Saturday,3161,2.273,62.22,True,True
2020-12-13,3394,3699,719,256,135,73,58,57,69,4421.0,Sunday,2889,1.568,64.07,True,True
2020-12-14,4545,5098,1065,379,187,119,80,78,91,8414.0,Monday,3728,1.569,92.46,True,True
2020-12-15,4983,5741,1244,407,193,148,113,109,133,10152.0,Tuesday,4036,1.968,76.33,True,True
2020-12-16,4811,5528,1183,334,183,161,113,111,138,10349.0,Wednesday,3880,2.044,74.99,True,True
2020-12-17,4705,5345,1250,342,157,123,92,89,125,6783.0,Thursday,3866,1.721,54.26,True,True
2020-12-18,4248,4824,1057,320,153,115,78,78,104,6699.0,Friday,3582,1.617,64.41,True,True
2020-12-19,3229,3587,724,184,90,52,37,37,48,2444.0,Saturday,2790,1.032,50.92,True,True
2020-12-20,2963,3288,556,127,52,33,18,18,19,1399.0,Sunday,2595,0.547,73.63,True,True
2020-12-21,3618,4006,820,201,89,60,49,49,52,3506.0,Monday,2985,1.223,67.42,True,True
2020-12-22,3399,3838,910,219,96,70,52,51,54,2948.0,Tuesday,2753,1.355,54.59,True,True
2020-12-23,3119,3443,726,209,92,73,53,53,67,4418.0,Wednesday,2553,1.539,65.94,True,True
2020-12-24,2595,2798,477,101,39,29,20,20,21,1160.0,Thursday,2263,0.715,55.24,True,True
2020-12-25,2489,2645,361,81,36,25,16,16,16,552.0,Friday,2223,0.605,34.5,True,True
2020-12-26,2471,2676,409,75,25,21,15,15,15,725.0,Saturday,2232,0.561,48.33,True,True
2020-12-27,2491,2677,412,99,39,30,20,20,20,1161.0,Sunday,2206,0.747,58.05,True,True
2020-12-28,3042,3356,538,129,48,44,32,32,34,2005.0,Monday,2595,0.954,58.97,True,True
2020-12-29,3121,3435,531,127,42,34,21,21,23,1368.0,Tuesday,2668,0.611,59.48,True,True
2020-12-30,2953,3213,513,113,38,26,18,18,20,1561.0,Wednesday,2536,0.56,78.05,True,True
2020-12-31,2435,2619,383,94,43,31,22,22,24,2577.0,Thursday,2134,0.84,107.38,True,True
2021-01-01,2157,2308,321,68,26,18,12,12,13,961.0,Friday,1932,0.52,73.92,True,True
2021-01-02,2577,2728,405,65,32,20,13,13,13,1026.0,Saturday,2318,0.477,78.92,True,True
2021-01-03,2574,2785,420,59,32,18,13,13,13,625.0,Sunday,2280,0.467,48.08,True,True
2021-01-04,3076,3367,525,101,30,22,15,15,15,733.0,Monday,2657,0.446,48.87,True,True
2021-01-05,4094,4485,701,152,54,36,27,27,28,1143.0,Tuesday,3534,0.602,40.82,True,True
2021-01-06,5479,5995,802,183,65,40,27,27,30,1976.0,Wednesday,4760,0.45,65.87,True,True
2021-01-07,4167,4660,768,175,62,39,23,23,24,1480.0,Thursday,3531,0.494,61.67,True,True
2021-01-08,3800,4262,671,156,62,46,30,30,30,1671.0,Friday,3220,0.704,55.7,True,True
2021-01-09,2953,3258,520,109,39,25,16,16,17,1210.0,Saturday,2566,0.491,71.18,True,True
2021-01-10,2771,3002,449,84,33,21,15,15,15,1012.0,Sunday,2414,0.5,67.47,True,True
2021-01-11,3602,3953,683,161,56,38,24,23,24,1351.0,Monday,3007,0.607,56.29,True,True
2021-01-12,4187,4721,846,170,79,58,41,41,46,2547.0,Tuesday,3518,0.868,55.37,True,True
2021-01-13,4126,4570,772,179,85,58,33,32,34,1858.0,Wednesday,3519,0.722,54.65,True,True
2021-01-14,3901,4363,846,203,83,65,43,43,48,3191.0,Thursday,3281,0.986,66.48,True,True
2021-01-15,3549,3935,716,166,70,54,32,32,41,1993.0,Friday,3002,0.813,48.61,True,True
2021-01-16,2889,3177,532,120,51,32,21,21,23,1406.0,Saturday,2537,0.661,61.13,True,True
2021-01-17,2713,2988,455,90,35,25,12,12,12,481.0,Sunday,2396,0.402,40.08,True,True
2021-01-18,3221,3610,517,112,47,27,17,17,17,1182.0,Monday,2762,0.471,69.53,True,True
2021-01-19,3710,4187,838,179,85,67,44,44,45,3756.0,Tuesday,3083,1.051,83.47,True,True
2021-01-20,4216,4805,1193,243,143,121,83,83,84,6765.0,Wednesday,3512,1.727,80.54,True,True
2021-01-21,4191,4687,1409,218,107,72,48,48,51,4225.0,Thursday,3430,1.024,82.84,True,True
2021-01-22,3597,4089,1147,214,155,125,83,81,92,5482.0,Friday,2949,2.03,59.59,True,True
2021-01-23,2817,3132,739,128,78,57,39,38,39,2600.0,Saturday,2427,1.245,66.67,True,True
2021-01-24,2692,2968,641,114,69,49,33,33,37,2658.0,Sunday,2309,1.112,71.84,True,True
2021-01-25,3498,3906,944,148,84,68,49,49,50,3027.0,Monday,2876,1.254,60.54,True,True
2021-01-26,3579,4089,963,143,87,64,20,20,20,1217.0,Tuesday,2918,0.489,60.85,True,False
2021-01-27,4015,4599,1191,235,120,85,12,12,12,457.0,Wednesday,3278,0.261,38.08,True,False
2021-01-28,3728,4216,1031,189,89,69,5,5,5,128.0,Thursday,3013,0.119,25.6,True,False
2021-01-29,3381,3791,884,161,93,72,6,6,6,190.0,Friday,2770,0.158,31.67,True,False
2021-01-30,2605,2900,605,109,51,33,5,5,5,159.0,Saturday,2212,0.172,31.8,True,False
2021-01-31,2539,2841,569,103,56,36,0,0,0,0.0,Sunday,2191,0.0,,True,False
