week_start,days_in_data,users,sessions,buyers,purchasing_sessions,orders,revenue_usd,session_conversion_pct,user_conversion_pct,aov,purchase_data_reliable
2020-10-26,1,2365,2625,13,13,14,773.0,0.495,0.55,55.21,True
2020-11-02,7,19628,24991,242,249,291,21820.0,0.996,1.233,74.98,True
2020-11-09,7,17533,22508,326,339,363,23613.0,1.506,1.859,65.05,True
2020-11-16,7,19968,25914,341,352,379,26549.0,1.358,1.708,70.05,True
2020-11-23,7,22126,27780,473,489,534,40146.0,1.76,2.138,75.18,True
2020-11-30,7,24534,31088,546,563,610,42725.0,1.811,2.225,70.04,True
2020-12-07,7,31498,38729,709,740,823,59100.0,1.911,2.251,71.81,True
2020-12-14,7,27421,33411,505,531,658,46240.0,1.589,1.842,70.27,True
2020-12-21,7,19137,22083,223,225,245,14470.0,1.019,1.165,59.06,True
2020-12-28,7,17948,20444,130,131,140,10123.0,0.641,0.724,72.31,True
2021-01-04,7,24710,29029,152,153,159,9225.0,0.527,0.615,58.02,True
2021-01-11,7,23375,27707,203,206,228,12827.0,0.743,0.868,56.26,True
2021-01-18,7,22647,27478,340,347,365,26668.0,1.263,1.501,73.06,True
2021-01-25,7,21590,26342,97,97,98,5178.0,0.368,0.449,52.84,False
