first_visit_date,user_type,users,repeat_visitors,eligible_7d_users,returned_7d,eligible_30d_users,returned_30d,buyers,revenue_usd
2020-11-01,new,1974,293,1974,123,1974,150,12,759.0
2020-11-01,returning,391,207,391,131,391,168,24,1623.0
2020-11-02,new,2522,518,2522,218,2522,293,36,3007.0
2020-11-02,returning,612,337,612,185,612,270,59,7377.0
2020-11-03,new,3705,762,3705,315,3705,405,43,3973.0
2020-11-03,returning,637,344,637,165,637,255,52,5188.0
2020-11-04,new,2879,650,2879,277,2879,351,26,2571.0
2020-11-04,returning,435,241,435,127,435,187,32,3385.0
2020-11-05,new,2446,578,2446,239,2446,323,28,2135.0
2020-11-05,returning,379,219,379,106,379,175,31,2295.0
2020-11-06,new,2065,517,2065,211,2065,282,34,2275.0
2020-11-06,returning,298,164,298,88,298,124,24,4079.0
2020-11-07,new,1569,324,1569,140,1569,180,26,3043.0
2020-11-07,returning,166,87,166,50,166,70,18,3220.0
2020-11-08,new,1546,295,1546,140,1546,182,18,1015.0
2020-11-08,returning,115,67,115,31,115,54,17,3813.0
2020-11-09,new,2119,488,2119,227,2119,303,35,2529.0
2020-11-09,returning,246,144,246,66,246,117,33,2235.0
2020-11-10,new,2489,617,2489,284,2489,376,54,3466.0
2020-11-10,returning,259,156,259,76,259,116,37,4035.0
2020-11-11,new,2483,586,2483,275,2483,375,59,3951.0
2020-11-11,returning,267,160,267,72,267,124,26,2774.0
2020-11-12,new,2316,552,2316,233,2316,336,40,4615.0
2020-11-12,returning,269,156,269,77,269,123,35,3200.0
2020-11-13,new,2183,517,2183,227,2183,313,46,3551.0
2020-11-13,returning,181,98,181,44,181,72,27,2467.0
2020-11-14,new,1641,325,1641,140,1641,191,26,1990.0
2020-11-14,returning,118,61,118,35,118,50,13,908.0
2020-11-15,new,1582,305,1582,156,1582,190,12,891.0
2020-11-15,returning,79,29,79,16,79,21,4,154.0
2020-11-16,new,2362,516,2362,256,2362,352,52,4712.0
2020-11-16,returning,171,82,171,36,171,60,23,1478.0
2020-11-17,new,2592,646,2592,298,2592,410,62,5169.0
2020-11-17,returning,218,133,218,66,218,98,34,2713.0
2020-11-18,new,2661,633,2661,268,2661,376,45,4471.0
2020-11-18,returning,188,102,188,50,188,69,14,1447.0
2020-11-19,new,2717,625,2717,283,2717,382,39,4403.0
2020-11-19,returning,161,81,161,36,161,58,9,715.0
2020-11-20,new,2658,649,2658,283,2658,401,42,4415.0
2020-11-20,returning,158,84,158,35,158,58,11,773.0
2020-11-21,new,2194,501,2194,220,2194,300,29,2311.0
2020-11-21,returning,104,50,104,20,104,36,4,240.0
2020-11-22,new,1916,368,1916,178,1916,219,23,1534.0
2020-11-22,returning,67,35,67,18,67,28,6,1086.0
2020-11-23,new,2679,613,2679,293,2679,398,50,5887.0
2020-11-23,returning,136,68,136,33,136,51,18,1775.0
2020-11-24,new,2913,692,2913,319,2913,434,82,7311.0
2020-11-24,returning,165,85,165,44,165,68,25,1901.0
2020-11-25,new,3096,631,3096,290,3096,365,49,4774.0
2020-11-25,returning,160,77,160,35,160,64,14,1625.0
2020-11-26,new,2928,576,2928,269,2928,345,47,4423.0
2020-11-26,returning,96,50,96,28,96,38,10,839.0
2020-11-27,new,2844,524,2844,236,2844,312,53,4201.0
2020-11-27,returning,89,44,89,24,89,34,6,389.0
2020-11-28,new,2484,435,2484,204,2484,252,50,3766.0
2020-11-28,returning,64,35,64,18,64,24,5,337.0
2020-11-29,new,2352,404,2352,183,2352,220,34,3283.0
2020-11-29,returning,66,32,66,14,66,21,3,124.0
2020-11-30,new,3107,678,3107,305,3107,381,96,8031.0
2020-11-30,returning,104,43,104,23,104,33,10,1552.0
2020-12-01,new,3353,717,3353,334,3353,431,66,5726.0
2020-12-01,returning,127,62,127,26,127,43,12,803.0
2020-12-02,new,3215,710,3215,361,3215,450,65,5953.0
2020-12-02,returning,92,47,92,19,92,29,7,279.0
2020-12-03,new,3544,707,3544,321,3544,393,71,4379.0
2020-12-03,returning,90,45,90,26,90,33,17,1034.0
2020-12-04,new,3280,630,3280,332,3280,396,79,7168.0
2020-12-04,returning,86,36,86,22,86,26,9,1026.0
2020-12-05,new,2517,464,2517,239,2517,285,53,4853.0
2020-12-05,returning,58,26,58,13,58,15,2,218.0
2020-12-06,new,2420,377,2420,190,2420,220,28,1835.0
2020-12-06,returning,41,21,41,14,41,18,1,155.0
2020-12-07,new,3771,723,3771,370,3771,429,60,5283.0
2020-12-07,returning,84,30,84,17,84,22,6,615.0
2020-12-08,new,5513,892,5513,400,5513,514,81,7707.0
2020-12-08,returning,146,52,146,28,146,39,8,721.0
2020-12-09,new,4464,759,4464,346,4464,438,97,10505.0
2020-12-09,returning,95,37,95,20,95,25,14,1120.0
2020-12-10,new,4200,728,4200,340,4200,418,88,6948.0
2020-12-10,returning,79,37,79,19,79,23,7,412.0
2020-12-11,new,3972,595,3972,295,3972,345,73,6086.0
2020-12-11,returning,73,31,73,10,73,15,9,865.0
2020-12-12,new,3161,428,3161,195,3161,246,65,4737.0
2020-12-12,returning,50,17,50,9,50,15,4,255.0
2020-12-13,new,2889,303,2889,137,2889,169,34,2173.0
2020-12-13,returning,48,25,48,14,48,20,3,222.0
2020-12-14,new,3728,579,3728,283,3728,354,70,5685.0
2020-12-14,returning,63,28,63,12,63,19,3,338.0
2020-12-15,new,4036,677,4036,302,4036,390,67,5089.0
2020-12-15,returning,77,36,77,19,77,25,5,519.0
2020-12-16,new,3880,609,3880,260,3880,333,76,5774.0
2020-12-16,returning,66,24,66,9,66,15,3,105.0
2020-12-17,new,3866,593,3866,244,3866,313,74,4534.0
2020-12-17,returning,56,24,56,6,56,13,2,302.0
2020-12-18,new,3582,560,3582,228,3582,294,56,3751.0
2020-12-18,returning,47,20,47,13,47,14,3,157.0
2020-12-19,new,2790,391,2790,174,2790,218,21,1853.0
2020-12-19,returning,25,11,25,4,25,9,5,749.0
2020-12-20,new,2595,321,2595,134,2595,175,13,864.0
2020-12-20,returning,28,7,28,1,28,4,0,0.0
2020-12-21,new,2985,413,2985,174,2985,240,36,1984.0
2020-12-21,returning,40,16,40,7,40,10,3,144.0
2020-12-22,new,2753,451,2753,177,2753,251,29,1657.0
2020-12-22,returning,45,19,45,9,45,14,4,290.0
2020-12-23,new,2553,335,2553,130,2553,191,25,1312.0
2020-12-23,returning,47,17,47,5,47,11,1,32.0
2020-12-24,new,2263,269,2263,127,2263,165,15,730.0
2020-12-24,returning,25,6,25,2,25,4,1,40.0
2020-12-25,new,2223,196,2223,94,2223,120,10,444.0
2020-12-25,returning,19,7,19,5,19,5,2,68.0
2020-12-26,new,2232,239,2232,106,2232,135,12,897.0
2020-12-26,returning,22,10,22,3,22,4,0,0.0
2020-12-27,new,2206,227,2206,114,2206,138,12,696.0
2020-12-27,returning,17,3,17,2,17,2,0,0.0
2020-12-28,new,2595,332,2595,154,2595,196,15,1047.0
2020-12-28,returning,33,11,33,5,33,7,0,0.0
2020-12-29,new,2668,336,2668,140,2668,186,19,892.0
2020-12-29,returning,30,9,30,4,30,7,1,40.0
2020-12-30,new,2536,292,2536,110,2536,153,8,2132.0
2020-12-30,returning,22,6,22,3,22,5,0,0.0
2020-12-31,new,2134,215,2134,95,2134,127,10,696.0
2020-12-31,returning,9,4,9,0,9,1,1,40.0
2021-01-01,new,1932,181,1932,91,1932,110,8,678.0
2021-01-01,returning,16,7,16,4,16,5,1,34.0
2021-01-02,new,2318,234,2318,125,0,0,8,483.0
2021-01-02,returning,23,7,23,5,0,0,1,162.0
2021-01-03,new,2280,234,2280,104,0,0,9,416.0
2021-01-03,returning,19,6,19,5,0,0,0,0.0
2021-01-04,new,2657,354,2657,170,0,0,15,407.0
2021-01-04,returning,24,9,24,5,0,0,0,0.0
2021-01-05,new,3534,516,3534,275,0,0,20,1165.0
2021-01-05,returning,49,20,49,14,0,0,1,6.0
2021-01-06,new,4760,626,4760,286,0,0,23,1448.0
2021-01-06,returning,43,12,43,8,0,0,1,26.0
2021-01-07,new,3531,500,3531,218,0,0,11,933.0
2021-01-07,returning,41,11,41,7,0,0,0,0.0
2021-01-08,new,3220,475,3220,235,0,0,29,1818.0
2021-01-08,returning,34,6,34,3,0,0,0,0.0
2021-01-09,new,2566,346,2566,171,0,0,14,1072.0
2021-01-09,returning,16,4,16,1,0,0,1,8.0
2021-01-10,new,2414,294,2414,146,0,0,12,663.0
2021-01-10,returning,19,6,19,2,0,0,0,0.0
2021-01-11,new,3007,417,3007,203,0,0,15,1435.0
2021-01-11,returning,27,9,27,3,0,0,0,0.0
2021-01-12,new,3518,536,3518,257,0,0,25,1689.0
2021-01-12,returning,33,9,33,3,0,0,1,30.0
2021-01-13,new,3519,451,3519,223,0,0,22,1303.0
2021-01-13,returning,33,12,33,4,0,0,1,25.0
2021-01-14,new,3281,488,3281,212,0,0,28,2543.0
2021-01-14,returning,22,7,22,2,0,0,2,187.0
2021-01-15,new,3002,418,3002,214,0,0,22,1411.0
2021-01-15,returning,24,7,24,6,0,0,1,14.0
2021-01-16,new,2537,317,2537,171,0,0,12,587.0
2021-01-16,returning,16,7,16,4,0,0,0,0.0
2021-01-17,new,2396,298,2396,149,0,0,12,393.0
2021-01-17,returning,18,6,18,3,0,0,1,11.0
2021-01-18,new,2762,384,2762,176,0,0,12,2234.0
2021-01-18,returning,18,8,18,2,0,0,1,166.0
2021-01-19,new,3083,491,3083,274,0,0,46,3715.0
2021-01-19,returning,32,12,32,7,0,0,2,104.0
2021-01-20,new,3512,609,3512,340,0,0,76,6350.0
2021-01-20,returning,55,22,55,14,0,0,4,386.0
2021-01-21,new,3430,496,3430,259,0,0,30,2418.0
2021-01-21,returning,53,16,53,9,0,0,5,197.0
2021-01-22,new,2949,414,2949,219,0,0,45,2853.0
2021-01-22,returning,34,9,34,4,0,0,4,187.0
2021-01-23,new,2427,315,2427,183,0,0,29,1994.0
2021-01-23,returning,13,4,13,3,0,0,0,0.0
2021-01-24,new,2309,272,2309,146,0,0,21,1475.0
2021-01-24,returning,21,4,21,3,0,0,0,0.0
2021-01-25,new,2876,378,0,0,0,0,20,1135.0
2021-01-25,returning,21,3,0,0,0,0,2,153.0
2021-01-26,new,2918,421,0,0,0,0,7,214.0
2021-01-26,returning,23,6,0,0,0,0,0,0.0
2021-01-27,new,3278,462,0,0,0,0,8,337.0
2021-01-27,returning,33,9,0,0,0,0,0,0.0
2021-01-28,new,3013,424,0,0,0,0,3,33.0
2021-01-28,returning,36,6,0,0,0,0,1,78.0
2021-01-29,new,2770,294,0,0,0,0,7,218.0
2021-01-29,returning,31,6,0,0,0,0,0,0.0
2021-01-30,new,2212,216,0,0,0,0,2,87.0
2021-01-30,returning,19,1,0,0,0,0,1,28.0
2021-01-31,new,2191,168,0,0,0,0,0,0.0
2021-01-31,returning,21,3,0,0,0,0,0,0.0
